SC0448,, ,SC,,0448,,"SC 0448,",,"SC 0448,"
PI534006,,,PI,,534006,,"PI 534006,",,"PI 534006,"
PI534097,,,PI,,534097,,"PI 534097,",,"PI 534097,"
SC1216,,,SC,,1216,,"SC 1216,",,"SC 1216,"
SC0582,,,SC,,0582,,"SC 0582,",,"SC 0582,"
PI533882,,,PI,,533882,,"PI 533882,",,"PI 533882,"
PI597952,,,PI,,597952,,"PI 597952,",,"PI 597952,"
PI642791,,,PI,,642791,,"PI 642791,",,"PI 642791,"
PI533788,,,PI,,533788,,"PI 533788,",,"PI 533788,"
PI656062,,,PI,,656062,,"PI 656062,",,"PI 656062,"
PI576391,,,PI,,576391,,"PI 576391,",,"PI 576391,"
Border,,,Border,Border,,,"Border ,",,"Border ,"
Border,,,Border,Border,,,"Border ,",,"Border ,"
PI656071,,,PI,,656071,,"PI 656071,",,"PI 656071,"
PI533966,,,PI,,533966,,"PI 533966,",,"PI 533966,"
PI576340,,,PI,,576340,,"PI 576340,",,"PI 576340,"
PI533955,,,PI,,533955,,"PI 533955,",,"PI 533955,"
PI576368,,,PI,,576368,,"PI 576368,",,"PI 576368,"
SC0858,,,SC,,0858,,"SC 0858,",,"SC 0858,"
PI533827,,,PI,,533827,,"PI 533827,",,"PI 533827,"
PI533805,,,PI,,533805,,"PI 533805,",,"PI 533805,"
PI533990,,,PI,,533990,,"PI 533990,",,"PI 533990,"
PI533804,,,PI,,533804,,"PI 533804,",,"PI 533804,"
SC0287,,,SC,,0287,,"SC 0287,",,"SC 0287,"
PI534093,,,PI,,534093,,"PI 534093,",,"PI 534093,"
SC0604,,,SC,,0604,,"SC 0604,",,"SC 0604,"
PI656096,,,PI,,656096,,"PI 656096,",,"PI 656096,"
PI564163,,,PI,,564163,,"PI 564163,",,"PI 564163,"
PI533887,,,PI,,533887,,"PI 533887,",,"PI 533887,"
SC0895,,,SC,,0895,,"SC 0895,",,"SC 0895,"
PI533797,,,PI,,533797,,"PI 533797,",,"PI 533797,"
PI533864,,,PI,,533864,,"PI 533864,",,"PI 533864,"
PI609456,,,PI,,609456,,"PI 609456,",,"PI 609456,"
PI534119,,,PI,,534119,,"PI 534119,",,"PI 534119,"
SC0921,,,SC,,0921,,"SC 0921,",,"SC 0921,"
SC0965,,,SC,,0965,,"SC 0965,",,"SC 0965,"
PI533884,,,PI,,533884,,"PI 533884,",,"PI 533884,"
PI576380,,,PI,,576380,,"PI 576380,",,"PI 576380,"
PI576338,,,PI,,576338,,"PI 576338,",,"PI 576338,"
PI576328,,,PI,,576328,,"PI 576328,",,"PI 576328,"
PI534080,,,PI,,534080,,"PI 534080,",,"PI 534080,"
PI597974,,,PI,,597974,,"PI 597974,",,"PI 597974,"
PI564163,,,PI,,564163,,"PI 564163,",,"PI 564163,"
PI533976,,,PI,,533976,,"PI 533976,",,"PI 533976,"
PI533824,,,PI,,533824,,"PI 533824,",,"PI 533824,"
PI533836,,,PI,,533836,,"PI 533836,",,"PI 533836,"
PI595715,,,PI,,595715,,"PI 595715,",,"PI 595715,"
PI533940,,,PI,,533940,,"PI 533940,",,"PI 533940,"
PI576387,,,PI,,576387,,"PI 576387,",,"PI 576387,"
PI576335,,,PI,,576335,,"PI 576335,",,"PI 576335,"
PI595747,,,PI,,595747,,"PI 595747,",,"PI 595747,"
PI564163,,,PI,,564163,,"PI 564163,",,"PI 564163,"
PI656108,,,PI,,656108,,"PI 656108,",,"PI 656108,"
PI533885,,,PI,,533885,,"PI 533885,",,"PI 533885,"
PI533754,,,PI,,533754,,"PI 533754,",,"PI 533754,"
PI656095,,,PI,,656095,,"PI 656095,",,"PI 656095,"
PI533844,,,PI,,533844,,"PI 533844,",,"PI 533844,"
PI534128,,,PI,,534128,,"PI 534128,",,"PI 534128,"
PI533932,,,PI,,533932,,"PI 533932,",,"PI 533932,"
SC0276,,,SC,,0276,,"SC 0276,",,"SC 0276,"
PI534161,,,PI,,534161,,"PI 534161,",,"PI 534161,"
PI656090,,,PI,,656090,,"PI 656090,",,"PI 656090,"
PI576385,,,PI,,576385,,"PI 576385,",,"PI 576385,"
PI533996,,,PI,,533996,,"PI 533996,",,"PI 533996,"
PI533765,,,PI,,533765,,"PI 533765,",,"PI 533765,"
PI534015,,,PI,,534015,,"PI 534015,",,"PI 534015,"
PI153852,,,PI,,153852,,"PI 153852,",,"PI 153852,"
PI597954,,,PI,,597954,,"PI 597954,",,"PI 597954,"
PI656018,,,PI,,656018,,"PI 656018,",,"PI 656018,"
PI576400,,,PI,,576400,,"PI 576400,",,"PI 576400,"
PI656019,,,PI,,656019,,"PI 656019,",,"PI 656019,"
PI576373,,,PI,,576373,,"PI 576373,",,"PI 576373,"
PI533991,,,PI,,533991,,"PI 533991,",,"PI 533991,"
PI613536,,,PI,,613536,,"PI 613536,",,"PI 613536,"
PI564163,,,PI,,564163,,"PI 564163,",,"PI 564163,"
PI533751,,,PI,,533751,,"PI 533751,",,"PI 533751,"
PI533790,,,PI,,533790,,"PI 533790,",,"PI 533790,"
PI597966,,,PI,,597966,,"PI 597966,",,"PI 597966,"
SC0456,,,SC,,0456,,"SC 0456,",,"SC 0456,"
PI564165,,,PI,,564165,,"PI 564165,",,"PI 564165,"
PI533822,,,PI,,533822,,"PI 533822,",,"PI 533822,"
PI534135,,,PI,,534135,,"PI 534135,",,"PI 534135,"
PI533821,,,PI,,533821,,"PI 533821,",,"PI 533821,"
PI534142,,,PI,,534142,,"PI 534142,",,"PI 534142,"
PI533771,,,PI,,533771,,"PI 533771,",,"PI 533771,"
PI534165,,,PI,,534165,,"PI 534165,",,"PI 534165,"
PI655994,,,PI,,655994,,"PI 655994,",,"PI 655994,"
PI656060,,,PI,,656060,,"PI 656060,",,"PI 656060,"
PI533780,,,PI,,533780,,"PI 533780,",,"PI 533780,"
PI534094,,,PI,,534094,,"PI 534094,",,"PI 534094,"
PI576358,,,PI,,576358,,"PI 576358,",,"PI 576358,"
PI533974,,,PI,,533974,,"PI 533974,",,"PI 533974,"
PI533807,,,PI,,533807,,"PI 533807,",,"PI 533807,"
PI534111,,,PI,,534111,,"PI 534111,",,"PI 534111,"
PI576343,,,PI,,576343,,"PI 576343,",,"PI 576343,"
PI576405,,,PI,,576405,,"PI 576405,",,"PI 576405,"
PI656041,,,PI,,656041,,"PI 656041,",,"PI 656041,"
PI659696,,,PI,,659696,,"PI 659696,",,"PI 659696,"
Tx430,,,Tx430,Tx430,,,"Tx430 ,",,"Tx430 ,"
PI656114,,,PI,,656114,,"PI 656114,",,"PI 656114,"
PI576374,,,PI,,576374,,"PI 576374,",,"PI 576374,"
PI576367,,,PI,,576367,,"PI 576367,",,"PI 576367,"
PI576418,,,PI,,576418,,"PI 576418,",,"PI 576418,"
PI564163,,,PI,,564163,,"PI 564163,",,"PI 564163,"
PI534034,,,PI,,534034,,"PI 534034,",,"PI 534034,"
SC0235,,,SC,,0235,,"SC 0235,",,"SC 0235,"
SC0479,,,SC,,0479,,"SC 0479,",,"SC 0479,"
PI533857,,,PI,,533857,,"PI 533857,",,"PI 533857,"
PI533927,,,PI,,533927,,"PI 533927,",,"PI 533927,"
PI576352,,,PI,,576352,,"PI 576352,",,"PI 576352,"
PI533755,,,PI,,533755,,"PI 533755,",,"PI 533755,"
PI533769,,,PI,,533769,,"PI 533769,",,"PI 533769,"
PI533815,,,PI,,533815,,"PI 533815,",,"PI 533815,"
PI597953,,,PI,,597953,,"PI 597953,",,"PI 597953,"
SC1442,,,SC,,1442,,"SC 1442,",,"SC 1442,"
PI595712,,,PI,,595712,,"PI 595712,",,"PI 595712,"
PI597956,,,PI,,597956,,"PI 597956,",,"PI 597956,"
PI655992,,,PI,,655992,,"PI 655992,",,"PI 655992,"
PI533975,,,PI,,533975,,"PI 533975,",,"PI 533975,"
PI533977,,,PI,,533977,,"PI 533977,",,"PI 533977,"
PI534130,,,PI,,534130,,"PI 534130,",,"PI 534130,"
SC1107,,,SC,,1107,,"SC 1107,",,"SC 1107,"
PI576392,,,PI,,576392,,"PI 576392,",,"PI 576392,"
PI533850,,,PI,,533850,,"PI 533850,",,"PI 533850,"
PI656006,,,PI,,656006,,"PI 656006,",,"PI 656006,"
PI534002,,,PI,,534002,,"PI 534002,",,"PI 534002,"
PI576394,,,PI,,576394,,"PI 576394,",,"PI 576394,"
PI656049,,,PI,,656049,,"PI 656049,",,"PI 656049,"
PI564163,,,PI,,564163,,"PI 564163,",,"PI 564163,"
PI656093,,,PI,,656093,,"PI 656093,",,"PI 656093,"
PI533967,,,PI,,533967,,"PI 533967,",,"PI 533967,"
SC0823,,,SC,,0823,,"SC 0823,",,"SC 0823,"
PI533841,,,PI,,533841,,"PI 533841,",,"PI 533841,"
PI576382,,,PI,,576382,,"PI 576382,",,"PI 576382,"
PI533911,,,PI,,533911,,"PI 533911,",,"PI 533911,"
PI597960,,,PI,,597960,,"PI 597960,",,"PI 597960,"
PI597971,,,PI,,597971,,"PI 597971,",,"PI 597971,"
PI564163,,,PI,,564163,,"PI 564163,",,"PI 564163,"
PI595746,,,PI,,595746,,"PI 595746,",,"PI 595746,"
PI656094,,,PI,,656094,,"PI 656094,",,"PI 656094,"
PI659753,,,PI,,659753,,"PI 659753,",,"PI 659753,"
SC1119,,,SC,,1119,,"SC 1119,",,"SC 1119,"
PI534090,,,PI,,534090,,"PI 534090,",,"PI 534090,"
PI533863,,,PI,,533863,,"PI 533863,",,"PI 533863,"
PI534133,,,PI,,534133,,"PI 534133,",,"PI 534133,"
PI533775,,,PI,,533775,,"PI 533775,",,"PI 533775,"
PI561072,,,PI,,561072,,"PI 561072,",,"PI 561072,"
PI576372,,,PI,,576372,,"PI 576372,",,"PI 576372,"
PI576390,,,PI,,576390,,"PI 576390,",,"PI 576390,"
PI656032,,,PI,,656032,,"PI 656032,",,"PI 656032,"
PI153844,,,PI,,153844,,"PI 153844,",,"PI 153844,"
PI595732,,,PI,,595732,,"PI 595732,",,"PI 595732,"
PI595735,,,PI,,595735,,"PI 595735,",,"PI 595735,"
PI534131,,,PI,,534131,,"PI 534131,",,"PI 534131,"
PI656020,,,PI,,656020,,"PI 656020,",,"PI 656020,"
PI534045,,,PI,,534045,,"PI 534045,",,"PI 534045,"
PI656050,,,PI,,656050,,"PI 656050,",,"PI 656050,"
PI564163,,,PI,,564163,,"PI 564163,",,"PI 564163,"
PI533933,,,PI,,533933,,"PI 533933,",,"PI 533933,"
PI533886,,,PI,,533886,,"PI 533886,",,"PI 533886,"
PI597965,,,PI,,597965,,"PI 597965,",,"PI 597965,"
ElMota,,,ElMota,ElMota,,,"ElMota ,",,"ElMota ,"
PI534089,,,PI,,534089,,"PI 534089,",,"PI 534089,"
PI656070,,,PI,,656070,,"PI 656070,",,"PI 656070,"
PI534151,,,PI,,534151,,"PI 534151,",,"PI 534151,"
PI595700,,,PI,,595700,,"PI 595700,",,"PI 595700,"
PI533943,,,PI,,533943,,"PI 533943,",,"PI 533943,"
PI534013,,,PI,,534013,,"PI 534013,",,"PI 534013,"
PI533833,,,PI,,533833,,"PI 533833,",,"PI 533833,"
PI533808,,,PI,,533808,,"PI 533808,",,"PI 533808,"
SC0263,,,SC,,0263,,"SC 0263,",,"SC 0263,"
PI576375,,,PI,,576375,,"PI 576375,",,"PI 576375,"
PI533764,,,PI,,533764,,"PI 533764,",,"PI 533764,"
RTAM2566,,,RTAM2566,RTAM2566,,,"RTAM2566 ,",,"RTAM2566 ,"
PI533799,,,PI,,533799,,"PI 533799,",,"PI 533799,"
PI595733,,,PI,,595733,,"PI 595733,",,"PI 595733,"
PI656025,,,PI,,656025,,"PI 656025,",,"PI 656025,"
PI152651,,,PI,,152651,,"PI 152651,",,"PI 152651,"
PI534163,,,PI,,534163,,"PI 534163,",,"PI 534163,"
PI534004,,,PI,,534004,,"PI 534004,",,"PI 534004,"
PI534159,,,PI,,534159,,"PI 534159,",,"PI 534159,"
PI533859,,,PI,,533859,,"PI 533859,",,"PI 533859,"
PI534114,,,PI,,534114,,"PI 534114,",,"PI 534114,"
PI534079,,,PI,,534079,,"PI 534079,",,"PI 534079,"
PI564164,,,PI,,564164,,"PI 564164,",,"PI 564164,"
PI576432,,,PI,,576432,,"PI 576432,",,"PI 576432,"
PI533986,,,PI,,533986,,"PI 533986,",,"PI 533986,"
PI656048,,,PI,,656048,,"PI 656048,",,"PI 656048,"
PI34911,,,PI,,34911,,"PI 34911,",,"PI 34911,"
PI576412,,,PI,,576412,,"PI 576412,",,"PI 576412,"
BTx378,,,BTx378,BTx378,,,"BTx378 ,",,"BTx378 ,"
PI576370,,,PI,,576370,,"PI 576370,",,"PI 576370,"
PI533856,,,PI,,533856,,"PI 533856,",,"PI 533856,"
PI597973,,,PI,,597973,,"PI 597973,",,"PI 597973,"
PI533785,,,PI,,533785,,"PI 533785,",,"PI 533785,"
PI656083,,,PI,,656083,,"PI 656083,",,"PI 656083,"
PI533876,,,PI,,533876,,"PI 533876,",,"PI 533876,"
SC0864,,,SC,,0864,,"SC 0864,",,"SC 0864,"
PI597969,,,PI,,597969,,"PI 597969,",,"PI 597969,"
PI576349,,,PI,,576349,,"PI 576349,",,"PI 576349,"
PI534024,,,PI,,534024,,"PI 534024,",,"PI 534024,"
PI576361,,,PI,,576361,,"PI 576361,",,"PI 576361,"
PI564163,,,PI,,564163,,"PI 564163,",,"PI 564163,"
PI533883,,,PI,,533883,,"PI 533883,",,"PI 533883,"
Day,,,Day,Day,,,"Day ,",,"Day ,"
PI533964,,,PI,,533964,,"PI 533964,",,"PI 533964,"
PI576386,,,PI,,576386,,"PI 576386,",,"PI 576386,"
PI534043,,,PI,,534043,,"PI 534043,",,"PI 534043,"
PI564163,,,PI,,564163,,"PI 564163,",,"PI 564163,"
PI534053,,,PI,,534053,,"PI 534053,",,"PI 534053,"
PI534124,,,PI,,534124,,"PI 534124,",,"PI 534124,"
PI651496,,,PI,,651496,,"PI 651496,",,"PI 651496,"
PI534127,,,PI,,534127,,"PI 534127,",,"PI 534127,"
PI534023,,,PI,,534023,,"PI 534023,",,"PI 534023,"
PI656036,,,PI,,656036,,"PI 656036,",,"PI 656036,"
PI534087,,,PI,,534087,,"PI 534087,",,"PI 534087,"
PI597977,,,PI,,597977,,"PI 597977,",,"PI 597977,"
SC0878,,,SC,,0878,,"SC 0878,",,"SC 0878,"
PI534062,,,PI,,534062,,"PI 534062,",,"PI 534062,"
SC0914,,,SC,,0914,,"SC 0914,",,"SC 0914,"
PI534158,,,PI,,534158,,"PI 534158,",,"PI 534158,"
PI22326,,,PI,,22326,,"PI 22326,",,"PI 22326,"
PI534147,,,PI,,534147,,"PI 534147,",,"PI 534147,"
PI641874,,,PI,,641874,,"PI 641874,",,"PI 641874,"
PI533810,,,PI,,533810,,"PI 533810,",,"PI 533810,"
PI576347,,,PI,,576347,,"PI 576347,",,"PI 576347,"
PI576417,,,PI,,576417,,"PI 576417,",,"PI 576417,"
PI576430,,,PI,,576430,,"PI 576430,",,"PI 576430,"
PI656012,,,PI,,656012,,"PI 656012,",,"PI 656012,"
PI601816,,,PI,,601816,,"PI 601816,",,"PI 601816,"
PI534155,,,PI,,534155,,"PI 534155,",,"PI 534155,"
PI576427,,,PI,,576427,,"PI 576427,",,"PI 576427,"
PI533985,,,PI,,533985,,"PI 533985,",,"PI 533985,"
SC0542,,,SC,,0542,,"SC 0542,",,"SC 0542,"
SC0837,,,SC,,0837,,"SC 0837,",,"SC 0837,"
PI534145,,,PI,,534145,,"PI 534145,",,"PI 534145,"
SC0343,,,SC,,0343,,"SC 0343,",,"SC 0343,"
SC0602,,,SC,,0602,,"SC 0602,",,"SC 0602,"
PI534022,,,PI,,534022,,"PI 534022,",,"PI 534022,"
PI576421,,,PI,,576421,,"PI 576421,",,"PI 576421,"
SC1114,,,SC,,1114,,"SC 1114,",,"SC 1114,"
PI656028,,,PI,,656028,,"PI 656028,",,"PI 656028,"
PI534077,,,PI,,534077,,"PI 534077,",,"PI 534077,"
PI656010,,,PI,,656010,,"PI 656010,",,"PI 656010,"
SC0893,,,SC,,0893,,"SC 0893,",,"SC 0893,"
PI574455,,,PI,,574455,,"PI 574455,",,"PI 574455,"
PI595728,,,PI,,595728,,"PI 595728,",,"PI 595728,"
PI656004,,,PI,,656004,,"PI 656004,",,"PI 656004,"
PI564163,,,PI,,564163,,"PI 564163,",,"PI 564163,"
PI533832,,,PI,,533832,,"PI 533832,",,"PI 533832,"
PI533849,,,PI,,533849,,"PI 533849,",,"PI 533849,"
PI561472,,,PI,,561472,,"PI 561472,",,"PI 561472,"
PI533796,,,PI,,533796,,"PI 533796,",,"PI 533796,"
PI534064,,,PI,,534064,,"PI 534064,",,"PI 534064,"
PI534058,,,PI,,534058,,"PI 534058,",,"PI 534058,"
PI576433,,,PI,,576433,,"PI 576433,",,"PI 576433,"
PI576397,,,PI,,576397,,"PI 576397,",,"PI 576397,"
PI564163,,,PI,,564163,,"PI 564163,",,"PI 564163,"
PI564163,,,PI,,564163,,"PI 564163,",,"PI 564163,"
PI656076,,,PI,,656076,,"PI 656076,",,"PI 656076,"
PI533890,,,PI,,533890,,"PI 533890,",,"PI 533890,"
PI656035,,,PI,,656035,,"PI 656035,",,"PI 656035,"
RTx2917,,,RTx2917,RTx2917,,,"RTx2917 ,",,"RTx2917 ,"
PI595709,,,PI,,595709,,"PI 595709,",,"PI 595709,"
PI576429,,,PI,,576429,,"PI 576429,",,"PI 576429,"
PI597979,,,PI,,597979,,"PI 597979,",,"PI 597979,"
PI564163,,,PI,,564163,,"PI 564163,",,"PI 564163,"
PI534039,,,PI,,534039,,"PI 534039,",,"PI 534039,"
PI533987,,,PI,,533987,,"PI 533987,",,"PI 533987,"
PI533794,,,PI,,533794,,"PI 533794,",,"PI 533794,"
PI656059,,,PI,,656059,,"PI 656059,",,"PI 656059,"
PI534068,,,PI,,534068,,"PI 534068,",,"PI 534068,"
PI534067,,,PI,,534067,,"PI 534067,",,"PI 534067,"
PI576436,,,PI,,576436,,"PI 576436,",,"PI 576436,"
PI576362,,,PI,,576362,,"PI 576362,",,"PI 576362,"
PI534102,,,PI,,534102,,"PI 534102,",,"PI 534102,"
SC0247,,,SC,,0247,,"SC 0247,",,"SC 0247,"
PI576337,,,PI,,576337,,"PI 576337,",,"PI 576337,"
PI576431,,,PI,,576431,,"PI 576431,",,"PI 576431,"
BTx645,,,BTx645,BTx645,,,"BTx645 ,",,"BTx645 ,"
PI533760,,,PI,,533760,,"PI 533760,",,"PI 533760,"
PI597947,,,PI,,597947,,"PI 597947,",,"PI 597947,"
PI656072,,,PI,,656072,,"PI 656072,",,"PI 656072,"
PI534137,,,PI,,534137,,"PI 534137,",,"PI 534137,"
PI533814,,,PI,,533814,,"PI 533814,",,"PI 533814,"
PI656000,,,PI,,656000,,"PI 656000,",,"PI 656000,"
SC0847,,,SC,,0847,,"SC 0847,",,"SC 0847,"
PI585295,,,PI,,585295,,"PI 585295,",,"PI 585295,"
PI533957,,,PI,,533957,,"PI 533957,",,"PI 533957,"
PI597972,,,PI,,597972,,"PI 597972,",,"PI 597972,"
PI655999,,,PI,,655999,,"PI 655999,",,"PI 655999,"
PI656106,,,PI,,656106,,"PI 656106,",,"PI 656106,"
PI533958,,,PI,,533958,,"PI 533958,",,"PI 533958,"
PI533840,,,PI,,533840,,"PI 533840,",,"PI 533840,"
PI564163,,,PI,,564163,,"PI 564163,",,"PI 564163,"
PI576376,,,PI,,576376,,"PI 576376,",,"PI 576376,"
PI533915,,,PI,,533915,,"PI 533915,",,"PI 533915,"
SC0092,,,SC,,0092,,"SC 0092,",,"SC 0092,"
PI533878,,,PI,,533878,,"PI 533878,",,"PI 533878,"
SC0685,,,SC,,0685,,"SC 0685,",,"SC 0685,"
PI534009,,,PI,,534009,,"PI 534009,",,"PI 534009,"
PI656103,,,PI,,656103,,"PI 656103,",,"PI 656103,"
PI656078,,,PI,,656078,,"PI 656078,",,"PI 656078,"
PI656110,,,PI,,656110,,"PI 656110,",,"PI 656110,"
PI564163,,,PI,,564163,,"PI 564163,",,"PI 564163,"
PI576419,,,PI,,576419,,"PI 576419,",,"PI 576419,"
PI576383,,,PI,,576383,,"PI 576383,",,"PI 576383,"
PI548797,,,PI,,548797,,"PI 548797,",,"PI 548797,"
PI533746,,,PI,,533746,,"PI 533746,",,"PI 533746,"
PI533830,,,PI,,533830,,"PI 533830,",,"PI 533830,"
PI597949,,,PI,,597949,,"PI 597949,",,"PI 597949,"
PI534091,,,PI,,534091,,"PI 534091,",,"PI 534091,"
PI655995,,,PI,,655995,,"PI 655995,",,"PI 655995,"
PI576360,,,PI,,576360,,"PI 576360,",,"PI 576360,"
PI576381,,,PI,,576381,,"PI 576381,",,"PI 576381,"
PI656117,,,PI,,656117,,"PI 656117,",,"PI 656117,"
PI564163,,,PI,,564163,,"PI 564163,",,"PI 564163,"
PI564163,,,PI,,564163,,"PI 564163,",,"PI 564163,"
PI564163,,,PI,,564163,,"PI 564163,",,"PI 564163,"
PI533860,,,PI,,533860,,"PI 533860,",,"PI 533860,"
PI576364,,,PI,,576364,,"PI 576364,",,"PI 576364,"
PI533995,,,PI,,533995,,"PI 533995,",,"PI 533995,"
SC1193,,,SC,,1193,,"SC 1193,",,"SC 1193,"
PI597981,,,PI,,597981,,"PI 597981,",,"PI 597981,"
PI533924,,,PI,,533924,,"PI 533924,",,"PI 533924,"
PI533818,,,PI,,533818,,"PI 533818,",,"PI 533818,"
PI656031,,,PI,,656031,,"PI 656031,",,"PI 656031,"
PI595714,,,PI,,595714,,"PI 595714,",,"PI 595714,"
PI534104,,,PI,,534104,,"PI 534104,",,"PI 534104,"
PI534046,,,PI,,534046,,"PI 534046,",,"PI 534046,"
PI564163,,,PI,,564163,,"PI 564163,",,"PI 564163,"
PI595738,,,PI,,595738,,"PI 595738,",,"PI 595738,"
PI656016,,,PI,,656016,,"PI 656016,",,"PI 656016,"
PI656040,,,PI,,656040,,"PI 656040,",,"PI 656040,"
PI656080,,,PI,,656080,,"PI 656080,",,"PI 656080,"
PI534116,,,PI,,534116,,"PI 534116,",,"PI 534116,"
PI533877,,,PI,,533877,,"PI 533877,",,"PI 533877,"
PI533950,,,PI,,533950,,"PI 533950,",,"PI 533950,"
RTX2737,,,RTX2737,RTX2737,,,"RTX2737 ,",,"RTX2737 ,"
SC0540,,,SC,,0540,,"SC 0540,",,"SC 0540,"
PI576410,,,PI,,576410,,"PI 576410,",,"PI 576410,"
PI533852,,,PI,,533852,,"PI 533852,",,"PI 533852,"
PI533800,,,PI,,533800,,"PI 533800,",,"PI 533800,"
PI17548,,,PI,,17548,,"PI 17548,",,"PI 17548,"
PI533938,,,PI,,533938,,"PI 533938,",,"PI 533938,"
PI576420,,,PI,,576420,,"PI 576420,",,"PI 576420,"
PI533971,,,PI,,533971,,"PI 533971,",,"PI 533971,"
PI533761,,,PI,,533761,,"PI 533761,",,"PI 533761,"
PI597975,,,PI,,597975,,"PI 597975,",,"PI 597975,"
SC0759,,,SC,,0759,,"SC 0759,",,"SC 0759,"
PI533812,,,PI,,533812,,"PI 533812,",,"PI 533812,"
PI576378,,,PI,,576378,,"PI 576378,",,"PI 576378,"
SC1023,,,SC,,1023,,"SC 1023,",,"SC 1023,"
PI659694,,,PI,,659694,,"PI 659694,",,"PI 659694,"
PI533926,,,PI,,533926,,"PI 533926,",,"PI 533926,"
PI659691,,,PI,,659691,,"PI 659691,",,"PI 659691,"
PI552861,,,PI,,552861,,"PI 552861,",,"PI 552861,"
PI533912,,,PI,,533912,,"PI 533912,",,"PI 533912,"
PI564163,,,PI,,564163,,"PI 564163,",,"PI 564163,"
PI534042,,,PI,,534042,,"PI 534042,",,"PI 534042,"
PI533758,,,PI,,533758,,"PI 533758,",,"PI 533758,"
PI656100,,,PI,,656100,,"PI 656100,",,"PI 656100,"
PI656101,,,PI,,656101,,"PI 656101,",,"PI 656101,"
PI48770,,,PI,,48770,,"PI 48770,",,"PI 48770,"
PI595721,,,PI,,595721,,"PI 595721,",,"PI 595721,"
PI534065,,,PI,,534065,,"PI 534065,",,"PI 534065,"
PI576389,,,PI,,576389,,"PI 576389,",,"PI 576389,"
PI533939,,,PI,,533939,,"PI 533939,",,"PI 533939,"
SC0003,,,SC,,0003,,"SC 0003,",,"SC 0003,"
PI656107,,,PI,,656107,,"PI 656107,",,"PI 656107,"
PI576434,,,PI,,576434,,"PI 576434,",,"PI 576434,"
PI564163,,,PI,,564163,,"PI 564163,",,"PI 564163,"
PI534050,,,PI,,534050,,"PI 534050,",,"PI 534050,"
PI534098,,,PI,,534098,,"PI 534098,",,"PI 534098,"
PI597961,,,PI,,597961,,"PI 597961,",,"PI 597961,"
PI656116,,,PI,,656116,,"PI 656116,",,"PI 656116,"
PI533979,,,PI,,533979,,"PI 533979,",,"PI 533979,"
PI533925,,,PI,,533925,,"PI 533925,",,"PI 533925,"
PI533867,,,PI,,533867,,"PI 533867,",,"PI 533867,"
PI656007,,,PI,,656007,,"PI 656007,",,"PI 656007,"
PI534070,,,PI,,534070,,"PI 534070,",,"PI 534070,"
PI656009,,,PI,,656009,,"PI 656009,",,"PI 656009,"
PI534146,,,PI,,534146,,"PI 534146,",,"PI 534146,"
PI533819,,,PI,,533819,,"PI 533819,",,"PI 533819,"
PI533869,,,PI,,533869,,"PI 533869,",,"PI 533869,"
PI656102,,,PI,,656102,,"PI 656102,",,"PI 656102,"
PI533866,,,PI,,533866,,"PI 533866,",,"PI 533866,"
PI597970,,,PI,,597970,,"PI 597970,",,"PI 597970,"
SC0636,,,SC,,0636,,"SC 0636,",,"SC 0636,"
PI576357,,,PI,,576357,,"PI 576357,",,"PI 576357,"
PI534095,,,PI,,534095,,"PI 534095,",,"PI 534095,"
PI534129,,,PI,,534129,,"PI 534129,",,"PI 534129,"
PI576428,,,PI,,576428,,"PI 576428,",,"PI 576428,"
PI534026,,,PI,,534026,,"PI 534026,",,"PI 534026,"
PI564163,,,PI,,564163,,"PI 564163,",,"PI 564163,"
PI595727,,,PI,,595727,,"PI 595727,",,"PI 595727,"
PI534108,,,PI,,534108,,"PI 534108,",,"PI 534108,"
PI534069,,,PI,,534069,,"PI 534069,",,"PI 534069,"
PI534030,,,PI,,534030,,"PI 534030,",,"PI 534030,"
PI656089,,,PI,,656089,,"PI 656089,",,"PI 656089,"
PI656112,,,PI,,656112,,"PI 656112,",,"PI 656112,"
PI576331,,,PI,,576331,,"PI 576331,",,"PI 576331,"
SC1024,,,SC,,1024,,"SC 1024,",,"SC 1024,"
PI576393,,,PI,,576393,,"PI 576393,",,"PI 576393,"
PI533774,,,PI,,533774,,"PI 533774,",,"PI 533774,"
PI534081,,,PI,,534081,,"PI 534081,",,"PI 534081,"
PI533928,,,PI,,533928,,"PI 533928,",,"PI 533928,"
PI534047,,,PI,,534047,,"PI 534047,",,"PI 534047,"
PI534071,,,PI,,534071,,"PI 534071,",,"PI 534071,"
PI533992,,,PI,,533992,,"PI 533992,",,"PI 533992,"
PI533874,,,PI,,533874,,"PI 533874,",,"PI 533874,"
PI533944,,,PI,,533944,,"PI 533944,",,"PI 533944,"
PI597958,,,PI,,597958,,"PI 597958,",,"PI 597958,"
SC1133,,,SC,,1133,,"SC 1133,",,"SC 1133,"
PI533888,,,PI,,533888,,"PI 533888,",,"PI 533888,"
PI533763,,,PI,,533763,,"PI 533763,",,"PI 533763,"
PI533969,,,PI,,533969,,"PI 533969,",,"PI 533969,"
PI534032,,,PI,,534032,,"PI 534032,",,"PI 534032,"
PI656053,,,PI,,656053,,"PI 656053,",,"PI 656053,"
FeteritaGishesh,,,FeteritaGishesh,FeteritaGishesh,,,"FeteritaGishesh ,",,"FeteritaGishesh ,"
PI533779,,,PI,,533779,,"PI 533779,",,"PI 533779,"
PI533900,,,PI,,533900,,"PI 533900,",,"PI 533900,"
SC0556,,,SC,,0556,,"SC 0556,",,"SC 0556,"
PI534073,,,PI,,534073,,"PI 534073,",,"PI 534073,"
PI534075,,,PI,,534075,,"PI 534075,",,"PI 534075,"
PI595703,,,PI,,595703,,"PI 595703,",,"PI 595703,"
SanChiSan,,,SanChiSan,SanChiSan,,,"SanChiSan ,",,"SanChiSan ,"
PI533837,,,PI,,533837,,"PI 533837,",,"PI 533837,"
PI533795,,,PI,,533795,,"PI 533795,",,"PI 533795,"
PI656003,,,PI,,656003,,"PI 656003,",,"PI 656003,"
PI533781,,,PI,,533781,,"PI 533781,",,"PI 533781,"
SC0868,,,SC,,0868,,"SC 0868,",,"SC 0868,"
PI533983,,,PI,,533983,,"PI 533983,",,"PI 533983,"
PI533994,,,PI,,533994,,"PI 533994,",,"PI 533994,"
PI595743,,,PI,,595743,,"PI 595743,",,"PI 595743,"
PI533930,,,PI,,533930,,"PI 533930,",,"PI 533930,"
PI533931,,,PI,,533931,,"PI 533931,",,"PI 533931,"
PI595710,,,PI,,595710,,"PI 595710,",,"PI 595710,"
PI533997,,,PI,,533997,,"PI 533997,",,"PI 533997,"
PI534126,,,PI,,534126,,"PI 534126,",,"PI 534126,"
PI533980,,,PI,,533980,,"PI 533980,",,"PI 533980,"
PI576353,,,PI,,576353,,"PI 576353,",,"PI 576353,"
PI533880,,,PI,,533880,,"PI 533880,",,"PI 533880,"
PI534141,,,PI,,534141,,"PI 534141,",,"PI 534141,"
PI533861,,,PI,,533861,,"PI 533861,",,"PI 533861,"
PI534109,,,PI,,534109,,"PI 534109,",,"PI 534109,"
PI595739,,,PI,,595739,,"PI 595739,",,"PI 595739,"
PI533778,,,PI,,533778,,"PI 533778,",,"PI 533778,"
PI597944,,,PI,,597944,,"PI 597944,",,"PI 597944,"
PI534105,,,PI,,534105,,"PI 534105,",,"PI 534105,"
PI564163,,,PI,,564163,,"PI 564163,",,"PI 564163,"
PI533960,,,PI,,533960,,"PI 533960,",,"PI 533960,"
PI564163,,,PI,,564163,,"PI 564163,",,"PI 564163,"
PI576130,,,PI,,576130,,"PI 576130,",,"PI 576130,"
SC0713,,,SC,,0713,,"SC 0713,",,"SC 0713,"
SC0777,,,SC,,0777,,"SC 0777,",,"SC 0777,"
PI534157,,,PI,,534157,,"PI 534157,",,"PI 534157,"
PI534031,,,PI,,534031,,"PI 534031,",,"PI 534031,"
PI534048,,,PI,,534048,,"PI 534048,",,"PI 534048,"
PI534051,,,PI,,534051,,"PI 534051,",,"PI 534051,"
PI533984,,,PI,,533984,,"PI 533984,",,"PI 533984,"
PI656087,,,PI,,656087,,"PI 656087,",,"PI 656087,"
PI533956,,,PI,,533956,,"PI 533956,",,"PI 533956,"
PI533811,,,PI,,533811,,"PI 533811,",,"PI 533811,"
PI564163,,,PI,,564163,,"PI 564163,",,"PI 564163,"
PI656021,,,PI,,656021,,"PI 656021,",,"PI 656021,"
PI595716,,,PI,,595716,,"PI 595716,",,"PI 595716,"
PI576371,,,PI,,576371,,"PI 576371,",,"PI 576371,"
SC1166,,,SC,,1166,,"SC 1166,",,"SC 1166,"
PI534020,,,PI,,534020,,"PI 534020,",,"PI 534020,"
PI655971,,,PI,,655971,,"PI 655971,",,"PI 655971,"
PI656011,,,PI,,656011,,"PI 656011,",,"PI 656011,"
PI655970,,,PI,,655970,,"PI 655970,",,"PI 655970,"
PI533904,,,PI,,533904,,"PI 533904,",,"PI 533904,"
PI533772,,,PI,,533772,,"PI 533772,",,"PI 533772,"
PI564163,,,PI,,564163,,"PI 564163,",,"PI 564163,"
PI534139,,,PI,,534139,,"PI 534139,",,"PI 534139,"
PI534166,,,PI,,534166,,"PI 534166,",,"PI 534166,"
PI595748,,,PI,,595748,,"PI 595748,",,"PI 595748,"
PI597980,,,PI,,597980,,"PI 597980,",,"PI 597980,"
SC0236,,,SC,,0236,,"SC 0236,",,"SC 0236,"
PI656029,,,PI,,656029,,"PI 656029,",,"PI 656029,"
PI533792,,,PI,,533792,,"PI 533792,",,"PI 533792,"
PI595711,,,PI,,595711,,"PI 595711,",,"PI 595711,"
PI534055,,,PI,,534055,,"PI 534055,",,"PI 534055,"
PI656022,,,PI,,656022,,"PI 656022,",,"PI 656022,"
PI576408,,,PI,,576408,,"PI 576408,",,"PI 576408,"
PI564163,,,PI,,564163,,"PI 564163,",,"PI 564163,"
SC0138,,,SC,,0138,,"SC 0138,",,"SC 0138,"
PI534005,,,PI,,534005,,"PI 534005,",,"PI 534005,"
SC1097,,,SC,,1097,,"SC 1097,",,"SC 1097,"
SC1021,,,SC,,1021,,"SC 1021,",,"SC 1021,"
PI576365,,,PI,,576365,,"PI 576365,",,"PI 576365,"
PI656039,,,PI,,656039,,"PI 656039,",,"PI 656039,"
SC0871,,,SC,,0871,,"SC 0871,",,"SC 0871,"
PI595726,,,PI,,595726,,"PI 595726,",,"PI 595726,"
PI534084,,,PI,,534084,,"PI 534084,",,"PI 534084,"
PI534113,,,PI,,534113,,"PI 534113,",,"PI 534113,"
PI576395,,,PI,,576395,,"PI 576395,",,"PI 576395,"
PI533757,,,PI,,533757,,"PI 533757,",,"PI 533757,"
PI533773,,,PI,,533773,,"PI 533773,",,"PI 533773,"
PI576416,,,PI,,576416,,"PI 576416,",,"PI 576416,"
PI564163,,,PI,,564163,,"PI 564163,",,"PI 564163,"
PI534040,,,PI,,534040,,"PI 534040,",,"PI 534040,"
SC0999,,,SC,,0999,,"SC 0999,",,"SC 0999,"
PI656023,,,PI,,656023,,"PI 656023,",,"PI 656023,"
PI533847,,,PI,,533847,,"PI 533847,",,"PI 533847,"
SC0201,,,SC,,0201,,"SC 0201,",,"SC 0201,"
PI656046,,,PI,,656046,,"PI 656046,",,"PI 656046,"
PI656001,,,PI,,656001,,"PI 656001,",,"PI 656001,"
PI533835,,,PI,,533835,,"PI 533835,",,"PI 533835,"
PI534154,,,PI,,534154,,"PI 534154,",,"PI 534154,"
PI576339,,,PI,,576339,,"PI 576339,",,"PI 576339,"
PI656097,,,PI,,656097,,"PI 656097,",,"PI 656097,"
PI656058,,,PI,,656058,,"PI 656058,",,"PI 656058,"
PI534101,,,PI,,534101,,"PI 534101,",,"PI 534101,"
PI534000,,,PI,,534000,,"PI 534000,",,"PI 534000,"
PI564163,,,PI,,564163,,"PI 564163,",,"PI 564163,"
PI533920,,,PI,,533920,,"PI 533920,",,"PI 533920,"
PI576404,,,PI,,576404,,"PI 576404,",,"PI 576404,"
PI534085,,,PI,,534085,,"PI 534085,",,"PI 534085,"
PI576356,,,PI,,576356,,"PI 576356,",,"PI 576356,"
PI534150,,,PI,,534150,,"PI 534150,",,"PI 534150,"
PI534118,,,PI,,534118,,"PI 534118,",,"PI 534118,"
PI655996,,,PI,,655996,,"PI 655996,",,"PI 655996,"
PI533965,,,PI,,533965,,"PI 533965,",,"PI 533965,"
PI534112,,,PI,,534112,,"PI 534112,",,"PI 534112,"
PI533782,,,PI,,533782,,"PI 533782,",,"PI 533782,"
PI533954,,,PI,,533954,,"PI 533954,",,"PI 533954,"
SC0616,,,SC,,0616,,"SC 0616,",,"SC 0616,"
PI533909,,,PI,,533909,,"PI 533909,",,"PI 533909,"
PI656091,,,PI,,656091,,"PI 656091,",,"PI 656091,"
PI534120,,,PI,,534120,,"PI 534120,",,"PI 534120,"
PI534153,,,PI,,534153,,"PI 534153,",,"PI 534153,"
PI642992,,,PI,,642992,,"PI 642992,",,"PI 642992,"
SC0923,,,SC,,0923,,"SC 0923,",,"SC 0923,"
PI533949,,,PI,,533949,,"PI 533949,",,"PI 533949,"
SC0834,,,SC,,0834,,"SC 0834,",,"SC 0834,"
PI655993,,,PI,,655993,,"PI 655993,",,"PI 655993,"
PI533855,,,PI,,533855,,"PI 533855,",,"PI 533855,"
SC0741,,,SC,,0741,,"SC 0741,",,"SC 0741,"
PI656074,,,PI,,656074,,"PI 656074,",,"PI 656074,"
SC1446,,,SC,,1446,,"SC 1446,",,"SC 1446,"
PI576422,,,PI,,576422,,"PI 576422,",,"PI 576422,"
SC0505,,,SC,,0505,,"SC 0505,",,"SC 0505,"
PI656037,,,PI,,656037,,"PI 656037,",,"PI 656037,"
PI576406,,,PI,,576406,,"PI 576406,",,"PI 576406,"
PI576425,,,PI,,576425,,"PI 576425,",,"PI 576425,"
PI656088,,,PI,,656088,,"PI 656088,",,"PI 656088,"
PI597955,,,PI,,597955,,"PI 597955,",,"PI 597955,"
SC0190,,,SC,,0190,,"SC 0190,",,"SC 0190,"
PI576409,,,PI,,576409,,"PI 576409,",,"PI 576409,"
PI534078,,,PI,,534078,,"PI 534078,",,"PI 534078,"
PI576437,,,PI,,576437,,"PI 576437,",,"PI 576437,"
PI533905,,,PI,,533905,,"PI 533905,",,"PI 533905,"
PI576351,,,PI,,576351,,"PI 576351,",,"PI 576351,"
SC0400,,,SC,,0400,,"SC 0400,",,"SC 0400,"
PI153846,,,PI,,153846,,"PI 153846,",,"PI 153846,"
PI564163,,,PI,,564163,,"PI 564163,",,"PI 564163,"
PI533989,,,PI,,533989,,"PI 533989,",,"PI 533989,"
RTx2783,,,RTx2783,RTx2783,,,"RTx2783 ,",,"RTx2783 ,"
PI656105,,,PI,,656105,,"PI 656105,",,"PI 656105,"
PI564163,,,PI,,564163,,"PI 564163,",,"PI 564163,"
PI534082,,,PI,,534082,,"PI 534082,",,"PI 534082,"
PI533787,,,PI,,533787,,"PI 533787,",,"PI 533787,"
PI642998,,,PI,,642998,,"PI 642998,",,"PI 642998,"
PI533952,,,PI,,533952,,"PI 533952,",,"PI 533952,"
PI655976,,,PI,,655976,,"PI 655976,",,"PI 655976,"
PI576369,,,PI,,576369,,"PI 576369,",,"PI 576369,"
PI561071,,,PI,,561071,,"PI 561071,",,"PI 561071,"
SC0436,,,SC,,0436,,"SC 0436,",,"SC 0436,"
PI595719,,,PI,,595719,,"PI 595719,",,"PI 595719,"
PI595704,,,PI,,595704,,"PI 595704,",,"PI 595704,"
PI533894,,,PI,,533894,,"PI 533894,",,"PI 533894,"
PI533895,,,PI,,533895,,"PI 533895,",,"PI 533895,"
PI533908,,,PI,,533908,,"PI 533908,",,"PI 533908,"
SC0409,,,SC,,0409,,"SC 0409,",,"SC 0409,"
PI534072,,,PI,,534072,,"PI 534072,",,"PI 534072,"
PI534125,,,PI,,534125,,"PI 534125,",,"PI 534125,"
PI533963,,,PI,,533963,,"PI 533963,",,"PI 533963,"
PI533916,,,PI,,533916,,"PI 533916,",,"PI 533916,"
PI576413,,,PI,,576413,,"PI 576413,",,"PI 576413,"
PI576414,,,PI,,576414,,"PI 576414,",,"PI 576414,"
PI534121,,,PI,,534121,,"PI 534121,",,"PI 534121,"
PI533910,,,PI,,533910,,"PI 533910,",,"PI 533910,"
PI564163,,,PI,,564163,,"PI 564163,",,"PI 564163,"
PI534041,,,PI,,534041,,"PI 534041,",,"PI 534041,"
PI656077,,,PI,,656077,,"PI 656077,",,"PI 656077,"
PI576333,,,PI,,576333,,"PI 576333,",,"PI 576333,"
PI534134,,,PI,,534134,,"PI 534134,",,"PI 534134,"
PI564163,,,PI,,564163,,"PI 564163,",,"PI 564163,"
PI656024,,,PI,,656024,,"PI 656024,",,"PI 656024,"
PI576366,,,PI,,576366,,"PI 576366,",,"PI 576366,"
PI595729,,,PI,,595729,,"PI 595729,",,"PI 595729,"
PI534099,,,PI,,534099,,"PI 534099,",,"PI 534099,"
PI534001,,,PI,,534001,,"PI 534001,",,"PI 534001,"
PI576359,,,PI,,576359,,"PI 576359,",,"PI 576359,"
PI534136,,,PI,,534136,,"PI 534136,",,"PI 534136,"
PI534025,,,PI,,534025,,"PI 534025,",,"PI 534025,"
PI564163,,,PI,,564163,,"PI 564163,",,"PI 564163,"
PI656075,,,PI,,656075,,"PI 656075,",,"PI 656075,"
PI534149,,,PI,,534149,,"PI 534149,",,"PI 534149,"
SC0652,,,SC,,0652,,"SC 0652,",,"SC 0652,"
PI564163,,,PI,,564163,,"PI 564163,",,"PI 564163,"
PI542406,,,PI,,542406,,"PI 542406,",,"PI 542406,"
PI656086,,,PI,,656086,,"PI 656086,",,"PI 656086,"
PI642793,,,PI,,642793,,"PI 642793,",,"PI 642793,"
PI576415,,,PI,,576415,,"PI 576415,",,"PI 576415,"
PI656084,,,PI,,656084,,"PI 656084,",,"PI 656084,"
PI533970,,,PI,,533970,,"PI 533970,",,"PI 533970,"
SC0581,,,SC,,0581,,"SC 0581,",,"SC 0581,"
PI533872,,,PI,,533872,,"PI 533872,",,"PI 533872,"
PI597945,,,PI,,597945,,"PI 597945,",,"PI 597945,"
PI576354,,,PI,,576354,,"PI 576354,",,"PI 576354,"
PI533959,,,PI,,533959,,"PI 533959,",,"PI 533959,"
PI533845,,,PI,,533845,,"PI 533845,",,"PI 533845,"
PI534052,,,PI,,534052,,"PI 534052,",,"PI 534052,"
PI576332,,,PI,,576332,,"PI 576332,",,"PI 576332,"
ShanQuiRed,,,ShanQuiRed,ShanQuiRed,,,"ShanQuiRed ,",,"ShanQuiRed ,"
PI564163,,,PI,,564163,,"PI 564163,",,"PI 564163,"
PI576401,,,PI,,576401,,"PI 576401,",,"PI 576401,"
PI655987,,,PI,,655987,,"PI 655987,",,"PI 655987,"
SC0854,,,SC,,0854,,"SC 0854,",,"SC 0854,"
PI534132,,,PI,,534132,,"PI 534132,",,"PI 534132,"
PI656005,,,PI,,656005,,"PI 656005,",,"PI 656005,"
SC0753,,,SC,,0753,,"SC 0753,",,"SC 0753,"
SC0517,,,SC,,0517,,"SC 0517,",,"SC 0517,"
SC0877,,,SC,,0877,,"SC 0877,",,"SC 0877,"
PI533942,,,PI,,533942,,"PI 533942,",,"PI 533942,"
PI595713,,,PI,,595713,,"PI 595713,",,"PI 595713,"
SC0615,,,SC,,0615,,"SC 0615,",,"SC 0615,"
PI533816,,,PI,,533816,,"PI 533816,",,"PI 533816,"
PI656121,,,PI,,656121,,"PI 656121,",,"PI 656121,"
PI533862,,,PI,,533862,,"PI 533862,",,"PI 533862,"
PI534036,,,PI,,534036,,"PI 534036,",,"PI 534036,"
PI534010,,,PI,,534010,,"PI 534010,",,"PI 534010,"
PI656068,,,PI,,656068,,"PI 656068,",,"PI 656068,"
PI533747,,,PI,,533747,,"PI 533747,",,"PI 533747,"
PI595725,,,PI,,595725,,"PI 595725,",,"PI 595725,"
PI656026,,,PI,,656026,,"PI 656026,",,"PI 656026,"
PI533789,,,PI,,533789,,"PI 533789,",,"PI 533789,"
PI576342,,,PI,,576342,,"PI 576342,",,"PI 576342,"
PI595730,,,PI,,595730,,"PI 595730,",,"PI 595730,"
PI597951,,,PI,,597951,,"PI 597951,",,"PI 597951,"
SC0314,,,SC,,0314,,"SC 0314,",,"SC 0314,"
PI576330,,,PI,,576330,,"PI 576330,",,"PI 576330,"
PI534110,,,PI,,534110,,"PI 534110,",,"PI 534110,"
PI534054,,,PI,,534054,,"PI 534054,",,"PI 534054,"
PI597982,,,PI,,597982,,"PI 597982,",,"PI 597982,"
PI656014,,,PI,,656014,,"PI 656014,",,"PI 656014,"
PI533791,,,PI,,533791,,"PI 533791,",,"PI 533791,"
PI534011,,,PI,,534011,,"PI 534011,",,"PI 534011,"
PI533843,,,PI,,533843,,"PI 533843,",,"PI 533843,"
PI576363,,,PI,,576363,,"PI 576363,",,"PI 576363,"
PI564163,,,PI,,564163,,"PI 564163,",,"PI 564163,"
PI597964,,,PI,,597964,,"PI 597964,",,"PI 597964,"
PI656073,,,PI,,656073,,"PI 656073,",,"PI 656073,"
PI576435,,,PI,,576435,,"PI 576435,",,"PI 576435,"
PI595720,,,PI,,595720,,"PI 595720,",,"PI 595720,"
PI533831,,,PI,,533831,,"PI 533831,",,"PI 533831,"
PI565121,,,PI,,565121,,"PI 565121,",,"PI 565121,"
PI533993,,,PI,,533993,,"PI 533993,",,"PI 533993,"
PI533846,,,PI,,533846,,"PI 533846,",,"PI 533846,"
PI533934,,,PI,,533934,,"PI 533934,",,"PI 533934,"
PI655973,,,PI,,655973,,"PI 655973,",,"PI 655973,"
PI534122,,,PI,,534122,,"PI 534122,",,"PI 534122,"
PI534007,,,PI,,534007,,"PI 534007,",,"PI 534007,"
PI533776,,,PI,,533776,,"PI 533776,",,"PI 533776,"
PI533858,,,PI,,533858,,"PI 533858,",,"PI 533858,"
PI533870,,,PI,,533870,,"PI 533870,",,"PI 533870,"
PI561073,,,PI,,561073,,"PI 561073,",,"PI 561073,"
PI595742,,,PI,,595742,,"PI 595742,",,"PI 595742,"
PI655986,,,PI,,655986,,"PI 655986,",,"PI 655986,"
PI656111,,,PI,,656111,,"PI 656111,",,"PI 656111,"
PI595708,,,PI,,595708,,"PI 595708,",,"PI 595708,"
PI533838,,,PI,,533838,,"PI 533838,",,"PI 533838,"
PI595718,,,PI,,595718,,"PI 595718,",,"PI 595718,"
PI534027,,,PI,,534027,,"PI 534027,",,"PI 534027,"
PI597959,,,PI,,597959,,"PI 597959,",,"PI 597959,"
PI595705,,,PI,,595705,,"PI 595705,",,"PI 595705,"
PI595736,,,PI,,595736,,"PI 595736,",,"PI 595736,"
PI534028,,,PI,,534028,,"PI 534028,",,"PI 534028,"
PI533896,,,PI,,533896,,"PI 533896,",,"PI 533896,"
PI533891,,,PI,,533891,,"PI 533891,",,"PI 533891,"
PI533851,,,PI,,533851,,"PI 533851,",,"PI 533851,"
PI595734,,,PI,,595734,,"PI 595734,",,"PI 595734,"
PI533982,,,PI,,533982,,"PI 533982,",,"PI 533982,"
SC0860,,,SC,,0860,,"SC 0860,",,"SC 0860,"
PI542718,,,PI,,542718,,"PI 542718,",,"PI 542718,"
SC0458,,,SC,,0458,,"SC 0458,",,"SC 0458,"
PI533935,,,PI,,533935,,"PI 533935,",,"PI 533935,"
PI533941,,,PI,,533941,,"PI 533941,",,"PI 533941,"
PI656052,,,PI,,656052,,"PI 656052,",,"PI 656052,"
PI533753,,,PI,,533753,,"PI 533753,",,"PI 533753,"
PI533946,,,PI,,533946,,"PI 533946,",,"PI 533946,"
PI534100,,,PI,,534100,,"PI 534100,",,"PI 534100,"
PI533750,,,PI,,533750,,"PI 533750,",,"PI 533750,"
PI656098,,,PI,,656098,,"PI 656098,",,"PI 656098,"
PI533898,,,PI,,533898,,"PI 533898,",,"PI 533898,"
PI276837,,,PI,,276837,,"PI 276837,",,"PI 276837,"
PI655978,,,PI,,655978,,"PI 655978,",,"PI 655978,"
PI533914,,,PI,,533914,,"PI 533914,",,"PI 533914,"
SC0191,,,SC,,0191,,"SC 0191,",,"SC 0191,"
PI533998,,,PI,,533998,,"PI 533998,",,"PI 533998,"
PI655974,,,PI,,655974,,"PI 655974,",,"PI 655974,"
PI533853,,,PI,,533853,,"PI 533853,",,"PI 533853,"
PI534018,,,PI,,534018,,"PI 534018,",,"PI 534018,"
PI533842,,,PI,,533842,,"PI 533842,",,"PI 533842,"
PI533906,,,PI,,533906,,"PI 533906,",,"PI 533906,"
PI534107,,,PI,,534107,,"PI 534107,",,"PI 534107,"
PI656055,,,PI,,656055,,"PI 656055,",,"PI 656055,"
SC1120,,,SC,,1120,,"SC 1120,",,"SC 1120,"
RTx430,,,RTx430,RTx430,,,"RTx430 ,",,"RTx430 ,"
SC0157,,,SC,,0157,,"SC 0157,",,"SC 0157,"
PI534035,,,PI,,534035,,"PI 534035,",,"PI 534035,"
PI533899,,,PI,,533899,,"PI 533899,",,"PI 533899,"
PI564163,,,PI,,564163,,"PI 564163,",,"PI 564163,"
PI534076,,,PI,,534076,,"PI 534076,",,"PI 534076,"
PI656079,,,PI,,656079,,"PI 656079,",,"PI 656079,"
PI534074,,,PI,,534074,,"PI 534074,",,"PI 534074,"
PI534167,,,PI,,534167,,"PI 534167,",,"PI 534167,"
PI656030,,,PI,,656030,,"PI 656030,",,"PI 656030,"
PI533749,,,PI,,533749,,"PI 533749,",,"PI 533749,"
PI533919,,,PI,,533919,,"PI 533919,",,"PI 533919,"
PI576398,,,PI,,576398,,"PI 576398,",,"PI 576398,"
PI595731,,,PI,,595731,,"PI 595731,",,"PI 595731,"
PI655972,,,PI,,655972,,"PI 655972,",,"PI 655972,"
PI533918,,,PI,,533918,,"PI 533918,",,"PI 533918,"
PI533813,,,PI,,533813,,"PI 533813,",,"PI 533813,"
PI656017,,,PI,,656017,,"PI 656017,",,"PI 656017,"
PI576399,,,PI,,576399,,"PI 576399,",,"PI 576399,"
PI534123,,,PI,,534123,,"PI 534123,",,"PI 534123,"
PI533897,,,PI,,533897,,"PI 533897,",,"PI 533897,"
PI564163,,,PI,,564163,,"PI 564163,",,"PI 564163,"
PI534056,,,PI,,534056,,"PI 534056,",,"PI 534056,"
PI656069,,,PI,,656069,,"PI 656069,",,"PI 656069,"
PI533825,,,PI,,533825,,"PI 533825,",,"PI 533825,"
PI564163,,,PI,,564163,,"PI 564163,",,"PI 564163,"
PI595744,,,PI,,595744,,"PI 595744,",,"PI 595744,"
PI597978,,,PI,,597978,,"PI 597978,",,"PI 597978,"
SC0470,,,SC,,0470,,"SC 0470,",,"SC 0470,"
PI534016,,,PI,,534016,,"PI 534016,",,"PI 534016,"
PI329440,,,PI,,329440,,"PI 329440,",,"PI 329440,"
PI533783,,,PI,,533783,,"PI 533783,",,"PI 533783,"
PI533828,,,PI,,533828,,"PI 533828,",,"PI 533828,"
Comb7078,,,Comb7078,Comb7078,,,"Comb7078 ,",,"Comb7078 ,"
PI576402,,,PI,,576402,,"PI 576402,",,"PI 576402,"
PI533936,,,PI,,533936,,"PI 533936,",,"PI 533936,"
PI533953,,,PI,,533953,,"PI 533953,",,"PI 533953,"
PI533854,,,PI,,533854,,"PI 533854,",,"PI 533854,"
PI533893,,,PI,,533893,,"PI 533893,",,"PI 533893,"
PI533777,,,PI,,533777,,"PI 533777,",,"PI 533777,"
PI576424,,,PI,,576424,,"PI 576424,",,"PI 576424,"
PI533756,,,PI,,533756,,"PI 533756,",,"PI 533756,"
PI564163,,,PI,,564163,,"PI 564163,",,"PI 564163,"
PI533802,,,PI,,533802,,"PI 533802,",,"PI 533802,"
PI607931,,,PI,,607931,,"PI 607931,",,"PI 607931,"
PI24969,,,PI,,24969,,"PI 24969,",,"PI 24969,"
PI533786,,,PI,,533786,,"PI 533786,",,"PI 533786,"
PI659695,,,PI,,659695,,"PI 659695,",,"PI 659695,"
PI656042,,,PI,,656042,,"PI 656042,",,"PI 656042,"
PI656057,,,PI,,656057,,"PI 656057,",,"PI 656057,"
PI641849,,,PI,,641849,,"PI 641849,",,"PI 641849,"
PI533999,,,PI,,533999,,"PI 533999,",,"PI 533999,"
SC0159,,,SC,,0159,,"SC 0159,",,"SC 0159,"
PI534160,,,PI,,534160,,"PI 534160,",,"PI 534160,"
PI595701,,,PI,,595701,,"PI 595701,",,"PI 595701,"
PI595737,,,PI,,595737,,"PI 595737,",,"PI 595737,"
PI533745,,,PI,,533745,,"PI 533745,",,"PI 533745,"
PI260213,,,PI,,260213,,"PI 260213,",,"PI 260213,"
PI534156,,,PI,,534156,,"PI 534156,",,"PI 534156,"
PI533948,,,PI,,533948,,"PI 533948,",,"PI 533948,"
PI534083,,,PI,,534083,,"PI 534083,",,"PI 534083,"
PI564163,,,PI,,564163,,"PI 564163,",,"PI 564163,"
PI564163,,,PI,,564163,,"PI 564163,",,"PI 564163,"
PI534019,,,PI,,534019,,"PI 534019,",,"PI 534019,"
PI576377,,,PI,,576377,,"PI 576377,",,"PI 576377,"
PI533902,,,PI,,533902,,"PI 533902,",,"PI 533902,"
PI533937,,,PI,,533937,,"PI 533937,",,"PI 533937,"
PI533809,,,PI,,533809,,"PI 533809,",,"PI 533809,"
PI576334,,,PI,,576334,,"PI 576334,",,"PI 576334,"
PI656099,,,PI,,656099,,"PI 656099,",,"PI 656099,"
SC0848,,,SC,,0848,,"SC 0848,",,"SC 0848,"
PI576379,,,PI,,576379,,"PI 576379,",,"PI 576379,"
PI533793,,,PI,,533793,,"PI 533793,",,"PI 533793,"
PI534061,,,PI,,534061,,"PI 534061,",,"PI 534061,"
PI597962,,,PI,,597962,,"PI 597962,",,"PI 597962,"
PI534017,,,PI,,534017,,"PI 534017,",,"PI 534017,"
PI656027,,,PI,,656027,,"PI 656027,",,"PI 656027,"
PI655975,,,PI,,655975,,"PI 655975,",,"PI 655975,"
PI533767,,,PI,,533767,,"PI 533767,",,"PI 533767,"
PI533881,,,PI,,533881,,"PI 533881,",,"PI 533881,"
SC0814,,,SC,,0814,,"SC 0814,",,"SC 0814,"
PI534117,,,PI,,534117,,"PI 534117,",,"PI 534117,"
SC0747,,,SC,,0747,,"SC 0747,",,"SC 0747,"
PI533923,,,PI,,533923,,"PI 533923,",,"PI 533923,"
PI533848,,,PI,,533848,,"PI 533848,",,"PI 533848,"
PI564163,,,PI,,564163,,"PI 564163,",,"PI 564163,"
PI629040,,,PI,,629040,,"PI 629040,",,"PI 629040,"
PI595740,,,PI,,595740,,"PI 595740,",,"PI 595740,"
PI656082,,,PI,,656082,,"PI 656082,",,"PI 656082,"
PI533913,,,PI,,533913,,"PI 533913,",,"PI 533913,"
PI533873,,,PI,,533873,,"PI 533873,",,"PI 533873,"
PI534060,,,PI,,534060,,"PI 534060,",,"PI 534060,"
PI534008,,,PI,,534008,,"PI 534008,",,"PI 534008,"
PI533834,,,PI,,533834,,"PI 533834,",,"PI 533834,"
PI533917,,,PI,,533917,,"PI 533917,",,"PI 533917,"
PI656034,,,PI,,656034,,"PI 656034,",,"PI 656034,"
PI534092,,,PI,,534092,,"PI 534092,",,"PI 534092,"
PI533820,,,PI,,533820,,"PI 533820,",,"PI 533820,"
PI533879,,,PI,,533879,,"PI 533879,",,"PI 533879,"
PI656115,,,PI,,656115,,"PI 656115,",,"PI 656115,"
PI534152,,,PI,,534152,,"PI 534152,",,"PI 534152,"
PI655998,,,PI,,655998,,"PI 655998,",,"PI 655998,"
PI534115,,,PI,,534115,,"PI 534115,",,"PI 534115,"
PI576345,,,PI,,576345,,"PI 576345,",,"PI 576345,"
PI533921,,,PI,,533921,,"PI 533921,",,"PI 533921,"
PI597946,,,PI,,597946,,"PI 597946,",,"PI 597946,"
PI655977,,,PI,,655977,,"PI 655977,",,"PI 655977,"
PI534066,,,PI,,534066,,"PI 534066,",,"PI 534066,"
PI576426,,,PI,,576426,,"PI 576426,",,"PI 576426,"
SC0618,,,SC,,0618,,"SC 0618,",,"SC 0618,"
PI595724,,,PI,,595724,,"PI 595724,",,"PI 595724,"
SC0640,,,SC,,0640,,"SC 0640,",,"SC 0640,"
PI595717,,,PI,,595717,,"PI 595717,",,"PI 595717,"
PI533784,,,PI,,533784,,"PI 533784,",,"PI 533784,"
Segaolane,,,Segaolane,Segaolane,,,"Segaolane ,",,"Segaolane ,"
PI656092,,,PI,,656092,,"PI 656092,",,"PI 656092,"
PI597967,,,PI,,597967,,"PI 597967,",,"PI 597967,"
PI595722,,,PI,,595722,,"PI 595722,",,"PI 595722,"
SC1170,,,SC,,1170,,"SC 1170,",,"SC 1170,"
SC0041,,,SC,,0041,,"SC 0041,",,"SC 0041,"
PI595706,,,PI,,595706,,"PI 595706,",,"PI 595706,"
PI659693,,,PI,,659693,,"PI 659693,",,"PI 659693,"
SC1058,,,SC,,1058,,"SC 1058,",,"SC 1058,"
SC0266,,,SC,,0266,,"SC 0266,",,"SC 0266,"
PI534162,,,PI,,534162,,"PI 534162,",,"PI 534162,"
PI629059,,,PI,,629059,,"PI 629059,",,"PI 629059,"
PI656013,,,PI,,656013,,"PI 656013,",,"PI 656013,"
PI533801,,,PI,,533801,,"PI 533801,",,"PI 533801,"
PI534059,,,PI,,534059,,"PI 534059,",,"PI 534059,"
PI533981,,,PI,,533981,,"PI 533981,",,"PI 533981,"
PI564163,,,PI,,564163,,"PI 564163,",,"PI 564163,"
PI576411,,,PI,,576411,,"PI 576411,",,"PI 576411,"
PI533962,,,PI,,533962,,"PI 533962,",,"PI 533962,"
PI533907,,,PI,,533907,,"PI 533907,",,"PI 533907,"
SC0156,,,SC,,0156,,"SC 0156,",,"SC 0156,"
PI534037,,,PI,,534037,,"PI 534037,",,"PI 534037,"
PI534106,,,PI,,534106,,"PI 534106,",,"PI 534106,"
PI597957,,,PI,,597957,,"PI 597957,",,"PI 597957,"
PI655979,,,PI,,655979,,"PI 655979,",,"PI 655979,"
PI534044,,,PI,,534044,,"PI 534044,",,"PI 534044,"
PI534140,,,PI,,534140,,"PI 534140,",,"PI 534140,"
PI656119,,,PI,,656119,,"PI 656119,",,"PI 656119,"
PI533865,,,PI,,533865,,"PI 533865,",,"PI 533865,"
PI533803,,,PI,,533803,,"PI 533803,",,"PI 533803,"
PI656118,,,PI,,656118,,"PI 656118,",,"PI 656118,"
SC0521,,,SC,,0521,,"SC 0521,",,"SC 0521,"
PI533762,,,PI,,533762,,"PI 533762,",,"PI 533762,"
PI534038,,,PI,,534038,,"PI 534038,",,"PI 534038,"
PI564163,,,PI,,564163,,"PI 564163,",,"PI 564163,"
SC0179,,,SC,,0179,,"SC 0179,",,"SC 0179,"
PI576329,,,PI,,576329,,"PI 576329,",,"PI 576329,"
PI595702,,,PI,,595702,,"PI 595702,",,"PI 595702,"
PI656113,,,PI,,656113,,"PI 656113,",,"PI 656113,"
SC0445,,,SC,,0445,,"SC 0445,",,"SC 0445,"
PI534103,,,PI,,534103,,"PI 534103,",,"PI 534103,"
PI597943,,,PI,,597943,,"PI 597943,",,"PI 597943,"
PI534049,,,PI,,534049,,"PI 534049,",,"PI 534049,"
PI533978,,,PI,,533978,,"PI 533978,",,"PI 533978,"
PI576346,,,PI,,576346,,"PI 576346,",,"PI 576346,"
PI576423,,,PI,,576423,,"PI 576423,",,"PI 576423,"
PI576344,,,PI,,576344,,"PI 576344,",,"PI 576344,"
SC0631,,,SC,,0631,,"SC 0631,",,"SC 0631,"
SC0550,,,SC,,0550,,"SC 0550,",,"SC 0550,"
SC0150,,,SC,,0150,,"SC 0150,",,"SC 0150,"
PI576336,,,PI,,576336,,"PI 576336,",,"PI 576336,"
PI564163,,,PI,,564163,,"PI 564163,",,"PI 564163,"
PI534003,,,PI,,534003,,"PI 534003,",,"PI 534003,"
PI597976,,,PI,,597976,,"PI 597976,",,"PI 597976,"
SC1178,,,SC,,1178,,"SC 1178,",,"SC 1178,"
PI656043,,,PI,,656043,,"PI 656043,",,"PI 656043,"
PI534088,,,PI,,534088,,"PI 534088,",,"PI 534088,"
PI564163,,,PI,,564163,,"PI 564163,",,"PI 564163,"
PI576396,,,PI,,576396,,"PI 576396,",,"PI 576396,"
PI533752,,,PI,,533752,,"PI 533752,",,"PI 533752,"
PI656044,,,PI,,656044,,"PI 656044,",,"PI 656044,"
PI533817,,,PI,,533817,,"PI 533817,",,"PI 533817,"
SC0870,,,SC,,0870,,"SC 0870,",,"SC 0870,"
SC1082,,,SC,,1082,,"SC 1082,",,"SC 1082,"
SC0412,,,SC,,0412,,"SC 0412,",,"SC 0412,"
SC0371,,,SC,,0371,,"SC 0371,",,"SC 0371,"
SC0178,,,SC,,0178,,"SC 0178,",,"SC 0178,"
PI595699,,,PI,,595699,,"PI 595699,",,"PI 595699,"
PI656056,,,PI,,656056,,"PI 656056,",,"PI 656056,"
PI533901,,,PI,,533901,,"PI 533901,",,"PI 533901,"
PI564163,,,PI,,564163,,"PI 564163,",,"PI 564163,"
PI595741,,,PI,,595741,,"PI 595741,",,"PI 595741,"
PI533829,,,PI,,533829,,"PI 533829,",,"PI 533829,"
PI656085,,,PI,,656085,,"PI 656085,",,"PI 656085,"
SC0547,,,SC,,0547,,"SC 0547,",,"SC 0547,"
PI533768,,,PI,,533768,,"PI 533768,",,"PI 533768,"
SC0297,,,SC,,0297,,"SC 0297,",,"SC 0297,"
PI533871,,,PI,,533871,,"PI 533871,",,"PI 533871,"
PI533770,,,PI,,533770,,"PI 533770,",,"PI 533770,"
PI533922,,,PI,,533922,,"PI 533922,",,"PI 533922,"
SC0027,,,SC,,0027,,"SC 0027,",,"SC 0027,"
PI533929,,,PI,,533929,,"PI 533929,",,"PI 533929,"
PI576403,,,PI,,576403,,"PI 576403,",,"PI 576403,"
PI655981,,,PI,,655981,,"PI 655981,",,"PI 655981,"
SC0249,,,SC,,0249,,"SC 0249,",,"SC 0249,"
PI629034,,,PI,,629034,,"PI 629034,",,"PI 629034,"
PI656051,,,PI,,656051,,"PI 656051,",,"PI 656051,"
PI564163,,,PI,,564163,,"PI 564163,",,"PI 564163,"
PI656008,,,PI,,656008,,"PI 656008,",,"PI 656008,"
SC0438,,,SC,,0438,,"SC 0438,",,"SC 0438,"
PI534057,,,PI,,534057,,"PI 534057,",,"PI 534057,"
PI533759,,,PI,,533759,,"PI 533759,",,"PI 533759,"
PI533968,,,PI,,533968,,"PI 533968,",,"PI 533968,"
PI533961,,,PI,,533961,,"PI 533961,",,"PI 533961,"
PI597950,,,PI,,597950,,"PI 597950,",,"PI 597950,"
PI656063,,,PI,,656063,,"PI 656063,",,"PI 656063,"
PI534014,,,PI,,534014,,"PI 534014,",,"PI 534014,"
PI534164,,,PI,,534164,,"PI 534164,",,"PI 534164,"
PI534096,,,PI,,534096,,"PI 534096,",,"PI 534096,"
PI595723,,,PI,,595723,,"PI 595723,",,"PI 595723,"
PI597968,,,PI,,597968,,"PI 597968,",,"PI 597968,"
BTx3197,,,BTx3197,BTx3197,,,"BTx3197 ,",,"BTx3197 ,"
PI655997,,,PI,,655997,,"PI 655997,",,"PI 655997,"
PI576407,,,PI,,576407,,"PI 576407,",,"PI 576407,"
PI533889,,,PI,,533889,,"PI 533889,",,"PI 533889,"
PI656002,,,PI,,656002,,"PI 656002,",,"PI 656002,"
PI576355,,,PI,,576355,,"PI 576355,",,"PI 576355,"
BTx399,,,BTx399,BTx399,,,"BTx399 ,",,"BTx399 ,"
PI564163,,,PI,,564163,,"PI 564163,",,"PI 564163,"
PI533766,,,PI,,533766,,"PI 533766,",,"PI 533766,"
PI533823,,,PI,,533823,,"PI 533823,",,"PI 533823,"
PI534148,,,PI,,534148,,"PI 534148,",,"PI 534148,"
SC0551,,,SC,,0551,,"SC 0551,",,"SC 0551,"
PI656109,,,PI,,656109,,"PI 656109,",,"PI 656109,"
PI656061,,,PI,,656061,,"PI 656061,",,"PI 656061,"
PI534144,,,PI,,534144,,"PI 534144,",,"PI 534144,"
PI534021,,,PI,,534021,,"PI 534021,",,"PI 534021,"
PI533947,,,PI,,533947,,"PI 533947,",,"PI 533947,"
PI533988,,,PI,,533988,,"PI 533988,",,"PI 533988,"
PI533903,,,PI,,533903,,"PI 533903,",,"PI 533903,"
SC0895,,,SC,,0895,,"SC 0895,",,"SC 0895,"
PI576416,,,PI,,576416,,"PI 576416,",,"PI 576416,"
PI564163,,,PI,,564163,,"PI 564163,",,"PI 564163,"
SC1024,,,SC,,1024,,"SC 1024,",,"SC 1024,"
PI656062,,,PI,,656062,,"PI 656062,",,"PI 656062,"
PI533856,,,PI,,533856,,"PI 533856,",,"PI 533856,"
PI576395,,,PI,,576395,,"PI 576395,",,"PI 576395,"
PI655986,,,PI,,655986,,"PI 655986,",,"PI 655986,"
PI595716,,,PI,,595716,,"PI 595716,",,"PI 595716,"
PI533766,,,PI,,533766,,"PI 533766,",,"PI 533766,"
PI561472,,,PI,,561472,,"PI 561472,",,"PI 561472,"
PI533824,,,PI,,533824,,"PI 533824,",,"PI 533824,"
PI533769,,,PI,,533769,,"PI 533769,",,"PI 533769,"
PI656008,,,PI,,656008,,"PI 656008,",,"PI 656008,"
PI533958,,,PI,,533958,,"PI 533958,",,"PI 533958,"
PI534060,,,PI,,534060,,"PI 534060,",,"PI 534060,"
PI597944,,,PI,,597944,,"PI 597944,",,"PI 597944,"
PI534140,,,PI,,534140,,"PI 534140,",,"PI 534140,"
RTAM2566,,,RTAM2566,RTAM2566,,,"RTAM2566 ,",,"RTAM2566 ,"
PI17548,,,PI,,17548,,"PI 17548,",,"PI 17548,"
SC1446,,,SC,,1446,,"SC 1446,",,"SC 1446,"
PI534010,,,PI,,534010,,"PI 534010,",,"PI 534010,"
PI564163,,,PI,,564163,,"PI 564163,",,"PI 564163,"
PI576332,,,PI,,576332,,"PI 576332,",,"PI 576332,"
SC0409,,,SC,,0409,,"SC 0409,",,"SC 0409,"
PI642992,,,PI,,642992,,"PI 642992,",,"PI 642992,"
PI656096,,,PI,,656096,,"PI 656096,",,"PI 656096,"
SC0713,,,SC,,0713,,"SC 0713,",,"SC 0713,"
PI655974,,,PI,,655974,,"PI 655974,",,"PI 655974,"
PI533781,,,PI,,533781,,"PI 533781,",,"PI 533781,"
SC0615,,,SC,,0615,,"SC 0615,",,"SC 0615,"
SC0858,,,SC,,0858,,"SC 0858,",,"SC 0858,"
PI595737,,,PI,,595737,,"PI 595737,",,"PI 595737,"
PI533779,,,PI,,533779,,"PI 533779,",,"PI 533779,"
PI576376,,,PI,,576376,,"PI 576376,",,"PI 576376,"
PI533759,,,PI,,533759,,"PI 533759,",,"PI 533759,"
PI533882,,,PI,,533882,,"PI 533882,",,"PI 533882,"
SC0893,,,SC,,0893,,"SC 0893,",,"SC 0893,"
PI576400,,,PI,,576400,,"PI 576400,",,"PI 576400,"
PI533822,,,PI,,533822,,"PI 533822,",,"PI 533822,"
PI595742,,,PI,,595742,,"PI 595742,",,"PI 595742,"
PI533994,,,PI,,533994,,"PI 533994,",,"PI 533994,"
SC0550,,,SC,,0550,,"SC 0550,",,"SC 0550,"
PI609456,,,PI,,609456,,"PI 609456,",,"PI 609456,"
PI533819,,,PI,,533819,,"PI 533819,",,"PI 533819,"
PI534072,,,PI,,534072,,"PI 534072,",,"PI 534072,"
PI655998,,,PI,,655998,,"PI 655998,",,"PI 655998,"
PI564163,,,PI,,564163,,"PI 564163,",,"PI 564163,"
PI656059,,,PI,,656059,,"PI 656059,",,"PI 656059,"
PI534155,,,PI,,534155,,"PI 534155,",,"PI 534155,"
PI656085,,,PI,,656085,,"PI 656085,",,"PI 656085,"
PI659693,,,PI,,659693,,"PI 659693,",,"PI 659693,"
PI656044,,,PI,,656044,,"PI 656044,",,"PI 656044,"
PI613536,,,PI,,613536,,"PI 613536,",,"PI 613536,"
PI576337,,,PI,,576337,,"PI 576337,",,"PI 576337,"
PI534068,,,PI,,534068,,"PI 534068,",,"PI 534068,"
PI533865,,,PI,,533865,,"PI 533865,",,"PI 533865,"
PI597943,,,PI,,597943,,"PI 597943,",,"PI 597943,"
PI534027,,,PI,,534027,,"PI 534027,",,"PI 534027,"
PI534087,,,PI,,534087,,"PI 534087,",,"PI 534087,"
PI533758,,,PI,,533758,,"PI 533758,",,"PI 533758,"
PI534166,,,PI,,534166,,"PI 534166,",,"PI 534166,"
PI655994,,,PI,,655994,,"PI 655994,",,"PI 655994,"
PI656115,,,PI,,656115,,"PI 656115,",,"PI 656115,"
PI561071,,,PI,,561071,,"PI 561071,",,"PI 561071,"
PI533966,,,PI,,533966,,"PI 533966,",,"PI 533966,"
PI533990,,,PI,,533990,,"PI 533990,",,"PI 533990,"
PI576419,,,PI,,576419,,"PI 576419,",,"PI 576419,"
PI533755,,,PI,,533755,,"PI 533755,",,"PI 533755,"
PI534034,,,PI,,534034,,"PI 534034,",,"PI 534034,"
PI534109,,,PI,,534109,,"PI 534109,",,"PI 534109,"
PI533943,,,PI,,533943,,"PI 533943,",,"PI 533943,"
PI533926,,,PI,,533926,,"PI 533926,",,"PI 533926,"
PI534105,,,PI,,534105,,"PI 534105,",,"PI 534105,"
PI534161,,,PI,,534161,,"PI 534161,",,"PI 534161,"
PI576362,,,PI,,576362,,"PI 576362,",,"PI 576362,"
PI533805,,,PI,,533805,,"PI 533805,",,"PI 533805,"
PI533754,,,PI,,533754,,"PI 533754,",,"PI 533754,"
PI534046,,,PI,,534046,,"PI 534046,",,"PI 534046,"
PI533790,,,PI,,533790,,"PI 533790,",,"PI 533790,"
PI534023,,,PI,,534023,,"PI 534023,",,"PI 534023,"
PI576426,,,PI,,576426,,"PI 576426,",,"PI 576426,"
PI576344,,,PI,,576344,,"PI 576344,",,"PI 576344,"
PI564163,,,PI,,564163,,"PI 564163,",,"PI 564163,"
PI542718,,,PI,,542718,,"PI 542718,",,"PI 542718,"
PI595732,,,PI,,595732,,"PI 595732,",,"PI 595732,"
PI533849,,,PI,,533849,,"PI 533849,",,"PI 533849,"
PI656049,,,PI,,656049,,"PI 656049,",,"PI 656049,"
BTx3197,,,BTx3197,BTx3197,,,"BTx3197 ,",,"BTx3197 ,"
SC0287,,,SC,,0287,,"SC 0287,",,"SC 0287,"
PI595727,,,PI,,595727,,"PI 595727,",,"PI 595727,"
PI533847,,,PI,,533847,,"PI 533847,",,"PI 533847,"
PI533869,,,PI,,533869,,"PI 533869,",,"PI 533869,"
PI564163,,,PI,,564163,,"PI 564163,",,"PI 564163,"
PI533750,,,PI,,533750,,"PI 533750,",,"PI 533750,"
PI595743,,,PI,,595743,,"PI 595743,",,"PI 595743,"
PI534022,,,PI,,534022,,"PI 534022,",,"PI 534022,"
PI564163,,,PI,,564163,,"PI 564163,",,"PI 564163,"
SC1216,,,SC,,1216,,"SC 1216,",,"SC 1216,"
PI655971,,,PI,,655971,,"PI 655971,",,"PI 655971,"
PI595738,,,PI,,595738,,"PI 595738,",,"PI 595738,"
PI576423,,,PI,,576423,,"PI 576423,",,"PI 576423,"
PI656055,,,PI,,656055,,"PI 656055,",,"PI 656055,"
PI564163,,,PI,,564163,,"PI 564163,",,"PI 564163,"
PI533873,,,PI,,533873,,"PI 533873,",,"PI 533873,"
PI542406,,,PI,,542406,,"PI 542406,",,"PI 542406,"
PI533794,,,PI,,533794,,"PI 533794,",,"PI 533794,"
PI576407,,,PI,,576407,,"PI 576407,",,"PI 576407,"
PI260213,,,PI,,260213,,"PI 260213,",,"PI 260213,"
PI576424,,,PI,,576424,,"PI 576424,",,"PI 576424,"
PI533925,,,PI,,533925,,"PI 533925,",,"PI 533925,"
PI534096,,,PI,,534096,,"PI 534096,",,"PI 534096,"
PI595705,,,PI,,595705,,"PI 595705,",,"PI 595705,"
PI534125,,,PI,,534125,,"PI 534125,",,"PI 534125,"
PI533804,,,PI,,533804,,"PI 533804,",,"PI 533804,"
PI533941,,,PI,,533941,,"PI 533941,",,"PI 533941,"
PI48770,,,PI,,48770,,"PI 48770,",,"PI 48770,"
Day,,,Day,Day,,,"Day ,",,"Day ,"
PI656011,,,PI,,656011,,"PI 656011,",,"PI 656011,"
PI534019,,,PI,,534019,,"PI 534019,",,"PI 534019,"
PI576367,,,PI,,576367,,"PI 576367,",,"PI 576367,"
PI534035,,,PI,,534035,,"PI 534035,",,"PI 534035,"
PI534101,,,PI,,534101,,"PI 534101,",,"PI 534101,"
BTx645,,,BTx645,BTx645,,,"BTx645 ,",,"BTx645 ,"
PI533904,,,PI,,533904,,"PI 533904,",,"PI 533904,"
PI576339,,,PI,,576339,,"PI 576339,",,"PI 576339,"
PI534014,,,PI,,534014,,"PI 534014,",,"PI 534014,"
PI656075,,,PI,,656075,,"PI 656075,",,"PI 656075,"
PI533878,,,PI,,533878,,"PI 533878,",,"PI 533878,"
PI595736,,,PI,,595736,,"PI 595736,",,"PI 595736,"
PI534131,,,PI,,534131,,"PI 534131,",,"PI 534131,"
PI576421,,,PI,,576421,,"PI 576421,",,"PI 576421,"
PI655977,,,PI,,655977,,"PI 655977,",,"PI 655977,"
PI534055,,,PI,,534055,,"PI 534055,",,"PI 534055,"
PI533982,,,PI,,533982,,"PI 533982,",,"PI 533982,"
PI533863,,,PI,,533863,,"PI 533863,",,"PI 533863,"
PI534052,,,PI,,534052,,"PI 534052,",,"PI 534052,"
PI656020,,,PI,,656020,,"PI 656020,",,"PI 656020,"
PI534000,,,PI,,534000,,"PI 534000,",,"PI 534000,"
SC0582,,,SC,,0582,,"SC 0582,",,"SC 0582,"
PI533767,,,PI,,533767,,"PI 533767,",,"PI 533767,"
PI597958,,,PI,,597958,,"PI 597958,",,"PI 597958,"
PI534083,,,PI,,534083,,"PI 534083,",,"PI 534083,"
PI656063,,,PI,,656063,,"PI 656063,",,"PI 656063,"
PI595702,,,PI,,595702,,"PI 595702,",,"PI 595702,"
PI576385,,,PI,,576385,,"PI 576385,",,"PI 576385,"
SC0777,,,SC,,0777,,"SC 0777,",,"SC 0777,"
PI656072,,,PI,,656072,,"PI 656072,",,"PI 656072,"
PI534008,,,PI,,534008,,"PI 534008,",,"PI 534008,"
PI595729,,,PI,,595729,,"PI 595729,",,"PI 595729,"
PI533796,,,PI,,533796,,"PI 533796,",,"PI 533796,"
PI533874,,,PI,,533874,,"PI 533874,",,"PI 533874,"
PI534122,,,PI,,534122,,"PI 534122,",,"PI 534122,"
PI656016,,,PI,,656016,,"PI 656016,",,"PI 656016,"
PI597949,,,PI,,597949,,"PI 597949,",,"PI 597949,"
BTx378,,,BTx378,BTx378,,,"BTx378 ,",,"BTx378 ,"
PI656103,,,PI,,656103,,"PI 656103,",,"PI 656103,"
PI597946,,,PI,,597946,,"PI 597946,",,"PI 597946,"
PI533784,,,PI,,533784,,"PI 533784,",,"PI 533784,"
PI533810,,,PI,,533810,,"PI 533810,",,"PI 533810,"
PI533880,,,PI,,533880,,"PI 533880,",,"PI 533880,"
PI533921,,,PI,,533921,,"PI 533921,",,"PI 533921,"
PI533818,,,PI,,533818,,"PI 533818,",,"PI 533818,"
SC0834,,,SC,,0834,,"SC 0834,",,"SC 0834,"
PI656091,,,PI,,656091,,"PI 656091,",,"PI 656091,"
SC0092,,,SC,,0092,,"SC 0092,",,"SC 0092,"
SC0027,,,SC,,0027,,"SC 0027,",,"SC 0027,"
PI576373,,,PI,,576373,,"PI 576373,",,"PI 576373,"
PI533987,,,PI,,533987,,"PI 533987,",,"PI 533987,"
PI656012,,,PI,,656012,,"PI 656012,",,"PI 656012,"
SC1114,,,SC,,1114,,"SC 1114,",,"SC 1114,"
PI595744,,,PI,,595744,,"PI 595744,",,"PI 595744,"
PI656060,,,PI,,656060,,"PI 656060,",,"PI 656060,"
PI576411,,,PI,,576411,,"PI 576411,",,"PI 576411,"
PI656111,,,PI,,656111,,"PI 656111,",,"PI 656111,"
PI656097,,,PI,,656097,,"PI 656097,",,"PI 656097,"
PI576427,,,PI,,576427,,"PI 576427,",,"PI 576427,"
SC0371,,,SC,,0371,,"SC 0371,",,"SC 0371,"
PI576408,,,PI,,576408,,"PI 576408,",,"PI 576408,"
PI576431,,,PI,,576431,,"PI 576431,",,"PI 576431,"
PI533965,,,PI,,533965,,"PI 533965,",,"PI 533965,"
PI576406,,,PI,,576406,,"PI 576406,",,"PI 576406,"
PI533907,,,PI,,533907,,"PI 533907,",,"PI 533907,"
PI533980,,,PI,,533980,,"PI 533980,",,"PI 533980,"
PI533795,,,PI,,533795,,"PI 533795,",,"PI 533795,"
PI564163,,,PI,,564163,,"PI 564163,",,"PI 564163,"
PI564163,,,PI,,564163,,"PI 564163,",,"PI 564163,"
PI595734,,,PI,,595734,,"PI 595734,",,"PI 595734,"
PI534117,,,PI,,534117,,"PI 534117,",,"PI 534117,"
PI564163,,,PI,,564163,,"PI 564163,",,"PI 564163,"
PI564163,,,PI,,564163,,"PI 564163,",,"PI 564163,"
PI564164,,,PI,,564164,,"PI 564164,",,"PI 564164,"
PI655995,,,PI,,655995,,"PI 655995,",,"PI 655995,"
PI595740,,,PI,,595740,,"PI 595740,",,"PI 595740,"
PI597977,,,PI,,597977,,"PI 597977,",,"PI 597977,"
SC0823,,,SC,,0823,,"SC 0823,",,"SC 0823,"
SC0041,,,SC,,0041,,"SC 0041,",,"SC 0041,"
PI576330,,,PI,,576330,,"PI 576330,",,"PI 576330,"
PI576334,,,PI,,576334,,"PI 576334,",,"PI 576334,"
PI533915,,,PI,,533915,,"PI 533915,",,"PI 533915,"
PI533901,,,PI,,533901,,"PI 533901,",,"PI 533901,"
PI656030,,,PI,,656030,,"PI 656030,",,"PI 656030,"
SC0753,,,SC,,0753,,"SC 0753,",,"SC 0753,"
PI576383,,,PI,,576383,,"PI 576383,",,"PI 576383,"
SC0870,,,SC,,0870,,"SC 0870,",,"SC 0870,"
PI533897,,,PI,,533897,,"PI 533897,",,"PI 533897,"
PI534021,,,PI,,534021,,"PI 534021,",,"PI 534021,"
SC0458,,,SC,,0458,,"SC 0458,",,"SC 0458,"
PI576398,,,PI,,576398,,"PI 576398,",,"PI 576398,"
PI576341,,,PI,,576341,,"PI 576341,",,"PI 576341,"
PI534040,,,PI,,534040,,"PI 534040,",,"PI 534040,"
PI533830,,,PI,,533830,,"PI 533830,",,"PI 533830,"
SC1120,,,SC,,1120,,"SC 1120,",,"SC 1120,"
PI656009,,,PI,,656009,,"PI 656009,",,"PI 656009,"
PI576372,,,PI,,576372,,"PI 576372,",,"PI 576372,"
SC0190,,,SC,,0190,,"SC 0190,",,"SC 0190,"
PI533861,,,PI,,533861,,"PI 533861,",,"PI 533861,"
SC0157,,,SC,,0157,,"SC 0157,",,"SC 0157,"
PI656039,,,PI,,656039,,"PI 656039,",,"PI 656039,"
PI656021,,,PI,,656021,,"PI 656021,",,"PI 656021,"
PI533973,,,PI,,533973,,"PI 533973,",,"PI 533973,"
PI533933,,,PI,,533933,,"PI 533933,",,"PI 533933,"
PI656077,,,PI,,656077,,"PI 656077,",,"PI 656077,"
PI533896,,,PI,,533896,,"PI 533896,",,"PI 533896,"
PI533801,,,PI,,533801,,"PI 533801,",,"PI 533801,"
PI533797,,,PI,,533797,,"PI 533797,",,"PI 533797,"
PI656107,,,PI,,656107,,"PI 656107,",,"PI 656107,"
PI24969,,,PI,,24969,,"PI 24969,",,"PI 24969,"
SC0438,,,SC,,0438,,"SC 0438,",,"SC 0438,"
PI534004,,,PI,,534004,,"PI 534004,",,"PI 534004,"
PI576369,,,PI,,576369,,"PI 576369,",,"PI 576369,"
PI656119,,,PI,,656119,,"PI 656119,",,"PI 656119,"
PI656074,,,PI,,656074,,"PI 656074,",,"PI 656074,"
PI533888,,,PI,,533888,,"PI 533888,",,"PI 533888,"
PI597954,,,PI,,597954,,"PI 597954,",,"PI 597954,"
PI564163,,,PI,,564163,,"PI 564163,",,"PI 564163,"
PI595747,,,PI,,595747,,"PI 595747,",,"PI 595747,"
PI534113,,,PI,,534113,,"PI 534113,",,"PI 534113,"
PI655972,,,PI,,655972,,"PI 655972,",,"PI 655972,"
PI533802,,,PI,,533802,,"PI 533802,",,"PI 533802,"
PI533938,,,PI,,533938,,"PI 533938,",,"PI 533938,"
PI597945,,,PI,,597945,,"PI 597945,",,"PI 597945,"
PI564163,,,PI,,564163,,"PI 564163,",,"PI 564163,"
PI533859,,,PI,,533859,,"PI 533859,",,"PI 533859,"
PI533886,,,PI,,533886,,"PI 533886,",,"PI 533886,"
PI564163,,,PI,,564163,,"PI 564163,",,"PI 564163,"
PI576409,,,PI,,576409,,"PI 576409,",,"PI 576409,"
PI533927,,,PI,,533927,,"PI 533927,",,"PI 533927,"
SC1178,,,SC,,1178,,"SC 1178,",,"SC 1178,"
PI533905,,,PI,,533905,,"PI 533905,",,"PI 533905,"
PI576345,,,PI,,576345,,"PI 576345,",,"PI 576345,"
RTX2737,,,RTX2737,RTX2737,,,"RTX2737 ,",,"RTX2737 ,"
PI533912,,,PI,,533912,,"PI 533912,",,"PI 533912,"
PI533777,,,PI,,533777,,"PI 533777,",,"PI 533777,"
PI533978,,,PI,,533978,,"PI 533978,",,"PI 533978,"
PI656079,,,PI,,656079,,"PI 656079,",,"PI 656079,"
PI534074,,,PI,,534074,,"PI 534074,",,"PI 534074,"
SanChiSan,,,SanChiSan,SanChiSan,,,"SanChiSan ,",,"SanChiSan ,"
PI533771,,,PI,,533771,,"PI 533771,",,"PI 533771,"
PI533799,,,PI,,533799,,"PI 533799,",,"PI 533799,"
PI576402,,,PI,,576402,,"PI 576402,",,"PI 576402,"
SC0179,,,SC,,0179,,"SC 0179,",,"SC 0179,"
PI534033,,,PI,,534033,,"PI 534033,",,"PI 534033,"
PI576374,,,PI,,576374,,"PI 576374,",,"PI 576374,"
PI533917,,,PI,,533917,,"PI 533917,",,"PI 533917,"
PI533855,,,PI,,533855,,"PI 533855,",,"PI 533855,"
PI533761,,,PI,,533761,,"PI 533761,",,"PI 533761,"
PI533953,,,PI,,533953,,"PI 533953,",,"PI 533953,"
PI533894,,,PI,,533894,,"PI 533894,",,"PI 533894,"
PI534048,,,PI,,534048,,"PI 534048,",,"PI 534048,"
PI576404,,,PI,,576404,,"PI 576404,",,"PI 576404,"
SC0878,,,SC,,0878,,"SC 0878,",,"SC 0878,"
PI533749,,,PI,,533749,,"PI 533749,",,"PI 533749,"
PI642793,,,PI,,642793,,"PI 642793,",,"PI 642793,"
SC0191,,,SC,,0191,,"SC 0191,",,"SC 0191,"
PI629034,,,PI,,629034,,"PI 629034,",,"PI 629034,"
PI659695,,,PI,,659695,,"PI 659695,",,"PI 659695,"
PI533948,,,PI,,533948,,"PI 533948,",,"PI 533948,"
SC0847,,,SC,,0847,,"SC 0847,",,"SC 0847,"
Segaolane,,,Segaolane,Segaolane,,,"Segaolane ,",,"Segaolane ,"
PI534126,,,PI,,534126,,"PI 534126,",,"PI 534126,"
PI533815,,,PI,,533815,,"PI 533815,",,"PI 533815,"
PI533924,,,PI,,533924,,"PI 533924,",,"PI 533924,"
PI641874,,,PI,,641874,,"PI 641874,",,"PI 641874,"
PI576340,,,PI,,576340,,"PI 576340,",,"PI 576340,"
PI533834,,,PI,,533834,,"PI 533834,",,"PI 533834,"
PI656105,,,PI,,656105,,"PI 656105,",,"PI 656105,"
SC0547,,,SC,,0547,,"SC 0547,",,"SC 0547,"
PI534116,,,PI,,534116,,"PI 534116,",,"PI 534116,"
PI564163,,,PI,,564163,,"PI 564163,",,"PI 564163,"
PI574455,,,PI,,574455,,"PI 574455,",,"PI 574455,"
PI533899,,,PI,,533899,,"PI 533899,",,"PI 533899,"
PI534080,,,PI,,534080,,"PI 534080,",,"PI 534080,"
PI597967,,,PI,,597967,,"PI 597967,",,"PI 597967,"
PI595718,,,PI,,595718,,"PI 595718,",,"PI 595718,"
PI533947,,,PI,,533947,,"PI 533947,",,"PI 533947,"
PI656080,,,PI,,656080,,"PI 656080,",,"PI 656080,"
PI576361,,,PI,,576361,,"PI 576361,",,"PI 576361,"
PI533923,,,PI,,533923,,"PI 533923,",,"PI 533923,"
PI533839,,,PI,,533839,,"PI 533839,",,"PI 533839,"
PI534143,,,PI,,534143,,"PI 534143,",,"PI 534143,"
PI533846,,,PI,,533846,,"PI 533846,",,"PI 533846,"
SC0923,,,SC,,0923,,"SC 0923,",,"SC 0923,"
PI534090,,,PI,,534090,,"PI 534090,",,"PI 534090,"
PI533787,,,PI,,533787,,"PI 533787,",,"PI 533787,"
PI656069,,,PI,,656069,,"PI 656069,",,"PI 656069,"
PI533857,,,PI,,533857,,"PI 533857,",,"PI 533857,"
PI656014,,,PI,,656014,,"PI 656014,",,"PI 656014,"
PI533930,,,PI,,533930,,"PI 533930,",,"PI 533930,"
PI329440,,,PI,,329440,,"PI 329440,",,"PI 329440,"
PI576430,,,PI,,576430,,"PI 576430,",,"PI 576430,"
PI533960,,,PI,,533960,,"PI 533960,",,"PI 533960,"
PI533817,,,PI,,533817,,"PI 533817,",,"PI 533817,"
PI576379,,,PI,,576379,,"PI 576379,",,"PI 576379,"
PI276837,,,PI,,276837,,"PI 276837,",,"PI 276837,"
PI656001,,,PI,,656001,,"PI 656001,",,"PI 656001,"
PI656015,,,PI,,656015,,"PI 656015,",,"PI 656015,"
SC0150,,,SC,,0150,,"SC 0150,",,"SC 0150,"
SC1442,,,SC,,1442,,"SC 1442,",,"SC 1442,"
PI564163,,,PI,,564163,,"PI 564163,",,"PI 564163,"
PI534091,,,PI,,534091,,"PI 534091,",,"PI 534091,"
PI533976,,,PI,,533976,,"PI 533976,",,"PI 533976,"
PI564163,,,PI,,564163,,"PI 564163,",,"PI 564163,"
PI659696,,,PI,,659696,,"PI 659696,",,"PI 659696,"
PI533997,,,PI,,533997,,"PI 533997,",,"PI 533997,"
PI576389,,,PI,,576389,,"PI 576389,",,"PI 576389,"
PI533811,,,PI,,533811,,"PI 533811,",,"PI 533811,"
PI564163,,,PI,,564163,,"PI 564163,",,"PI 564163,"
PI656035,,,PI,,656035,,"PI 656035,",,"PI 656035,"
PI533928,,,PI,,533928,,"PI 533928,",,"PI 533928,"
PI534111,,,PI,,534111,,"PI 534111,",,"PI 534111,"
PI533934,,,PI,,533934,,"PI 533934,",,"PI 533934,"
PI533983,,,PI,,533983,,"PI 533983,",,"PI 533983,"
PI533854,,,PI,,533854,,"PI 533854,",,"PI 533854,"
SC0685,,,SC,,0685,,"SC 0685,",,"SC 0685,"
SC0156,,,SC,,0156,,"SC 0156,",,"SC 0156,"
PI597953,,,PI,,597953,,"PI 597953,",,"PI 597953,"
PI656025,,,PI,,656025,,"PI 656025,",,"PI 656025,"
Comb7078,,,Comb7078,Comb7078,,,"Comb7078 ,",,"Comb7078 ,"
PI533872,,,PI,,533872,,"PI 533872,",,"PI 533872,"
FeteritaGishesh,,,FeteritaGishesh,FeteritaGishesh,,,"FeteritaGishesh ,",,"FeteritaGishesh ,"
PI534142,,,PI,,534142,,"PI 534142,",,"PI 534142,"
SC0235,,,SC,,0235,,"SC 0235,",,"SC 0235,"
PI533937,,,PI,,533937,,"PI 533937,",,"PI 533937,"
SC1021,,,SC,,1021,,"SC 1021,",,"SC 1021,"
PI533898,,,PI,,533898,,"PI 533898,",,"PI 533898,"
PI656013,,,PI,,656013,,"PI 656013,",,"PI 656013,"
PI595717,,,PI,,595717,,"PI 595717,",,"PI 595717,"
PI595722,,,PI,,595722,,"PI 595722,",,"PI 595722,"
PI534153,,,PI,,534153,,"PI 534153,",,"PI 534153,"
PI595709,,,PI,,595709,,"PI 595709,",,"PI 595709,"
PI534031,,,PI,,534031,,"PI 534031,",,"PI 534031,"
PI533979,,,PI,,533979,,"PI 533979,",,"PI 533979,"
PI533995,,,PI,,533995,,"PI 533995,",,"PI 533995,"
PI533867,,,PI,,533867,,"PI 533867,",,"PI 533867,"
PI534159,,,PI,,534159,,"PI 534159,",,"PI 534159,"
PI534098,,,PI,,534098,,"PI 534098,",,"PI 534098,"
PI533788,,,PI,,533788,,"PI 533788,",,"PI 533788,"
PI534086,,,PI,,534086,,"PI 534086,",,"PI 534086,"
PI576413,,,PI,,576413,,"PI 576413,",,"PI 576413,"
PI576365,,,PI,,576365,,"PI 576365,",,"PI 576365,"
PI534009,,,PI,,534009,,"PI 534009,",,"PI 534009,"
PI533832,,,PI,,533832,,"PI 533832,",,"PI 533832,"
PI533949,,,PI,,533949,,"PI 533949,",,"PI 533949,"
PI655979,,,PI,,655979,,"PI 655979,",,"PI 655979,"
PI534036,,,PI,,534036,,"PI 534036,",,"PI 534036,"
PI656003,,,PI,,656003,,"PI 656003,",,"PI 656003,"
PI533752,,,PI,,533752,,"PI 533752,",,"PI 533752,"
PI533858,,,PI,,533858,,"PI 533858,",,"PI 533858,"
PI656084,,,PI,,656084,,"PI 656084,",,"PI 656084,"
PI576401,,,PI,,576401,,"PI 576401,",,"PI 576401,"
PI597959,,,PI,,597959,,"PI 597959,",,"PI 597959,"
SC0871,,,SC,,0871,,"SC 0871,",,"SC 0871,"
PI534078,,,PI,,534078,,"PI 534078,",,"PI 534078,"
SC0479,,,SC,,0479,,"SC 0479,",,"SC 0479,"
SC0602,,,SC,,0602,,"SC 0602,",,"SC 0602,"
PI534157,,,PI,,534157,,"PI 534157,",,"PI 534157,"
PI533891,,,PI,,533891,,"PI 533891,",,"PI 533891,"
PI533757,,,PI,,533757,,"PI 533757,",,"PI 533757,"
PI533820,,,PI,,533820,,"PI 533820,",,"PI 533820,"
PI533959,,,PI,,533959,,"PI 533959,",,"PI 533959,"
PI533753,,,PI,,533753,,"PI 533753,",,"PI 533753,"
PI534112,,,PI,,534112,,"PI 534112,",,"PI 534112,"
PI533764,,,PI,,533764,,"PI 533764,",,"PI 533764,"
PI564163,,,PI,,564163,,"PI 564163,",,"PI 564163,"
PI597974,,,PI,,597974,,"PI 597974,",,"PI 597974,"
PI564163,,,PI,,564163,,"PI 564163,",,"PI 564163,"
PI534028,,,PI,,534028,,"PI 534028,",,"PI 534028,"
PI533844,,,PI,,533844,,"PI 533844,",,"PI 533844,"
PI656081,,,PI,,656081,,"PI 656081,",,"PI 656081,"
PI534079,,,PI,,534079,,"PI 534079,",,"PI 534079,"
SC0266,,,SC,,0266,,"SC 0266,",,"SC 0266,"
PI534154,,,PI,,534154,,"PI 534154,",,"PI 534154,"
PI533783,,,PI,,533783,,"PI 533783,",,"PI 533783,"
PI595726,,,PI,,595726,,"PI 595726,",,"PI 595726,"
PI656002,,,PI,,656002,,"PI 656002,",,"PI 656002,"
PI656040,,,PI,,656040,,"PI 656040,",,"PI 656040,"
PI533850,,,PI,,533850,,"PI 533850,",,"PI 533850,"
PI597963,,,PI,,597963,,"PI 597963,",,"PI 597963,"
PI533877,,,PI,,533877,,"PI 533877,",,"PI 533877,"
PI655992,,,PI,,655992,,"PI 655992,",,"PI 655992,"
PI564163,,,PI,,564163,,"PI 564163,",,"PI 564163,"
PI534102,,,PI,,534102,,"PI 534102,",,"PI 534102,"
PI534167,,,PI,,534167,,"PI 534167,",,"PI 534167,"
PI656095,,,PI,,656095,,"PI 656095,",,"PI 656095,"
PI533746,,,PI,,533746,,"PI 533746,",,"PI 533746,"
PI576354,,,PI,,576354,,"PI 576354,",,"PI 576354,"
Tx430,,,Tx430,Tx430,,,"Tx430 ,",,"Tx430 ,"
PI533862,,,PI,,533862,,"PI 533862,",,"PI 533862,"
PI576425,,,PI,,576425,,"PI 576425,",,"PI 576425,"
PI656006,,,PI,,656006,,"PI 656006,",,"PI 656006,"
PI595720,,,PI,,595720,,"PI 595720,",,"PI 595720,"
PI534149,,,PI,,534149,,"PI 534149,",,"PI 534149,"
PI533998,,,PI,,533998,,"PI 533998,",,"PI 533998,"
PI534104,,,PI,,534104,,"PI 534104,",,"PI 534104,"
PI534030,,,PI,,534030,,"PI 534030,",,"PI 534030,"
PI534042,,,PI,,534042,,"PI 534042,",,"PI 534042,"
PI651496,,,PI,,651496,,"PI 651496,",,"PI 651496,"
PI533977,,,PI,,533977,,"PI 533977,",,"PI 533977,"
SC0965,,,SC,,0965,,"SC 0965,",,"SC 0965,"
SC0877,,,SC,,0877,,"SC 0877,",,"SC 0877,"
PI564163,,,PI,,564163,,"PI 564163,",,"PI 564163,"
PI153844,,,PI,,153844,,"PI 153844,",,"PI 153844,"
PI595719,,,PI,,595719,,"PI 595719,",,"PI 595719,"
PI576433,,,PI,,576433,,"PI 576433,",,"PI 576433,"
SC0505,,,SC,,0505,,"SC 0505,",,"SC 0505,"
PI534137,,,PI,,534137,,"PI 534137,",,"PI 534137,"
PI656022,,,PI,,656022,,"PI 656022,",,"PI 656022,"
SC0263,,,SC,,0263,,"SC 0263,",,"SC 0263,"
PI533991,,,PI,,533991,,"PI 533991,",,"PI 533991,"
PI655993,,,PI,,655993,,"PI 655993,",,"PI 655993,"
PI656112,,,PI,,656112,,"PI 656112,",,"PI 656112,"
SC0636,,,SC,,0636,,"SC 0636,",,"SC 0636,"
PI534076,,,PI,,534076,,"PI 534076,",,"PI 534076,"
PI576342,,,PI,,576342,,"PI 576342,",,"PI 576342,"
PI597961,,,PI,,597961,,"PI 597961,",,"PI 597961,"
PI656004,,,PI,,656004,,"PI 656004,",,"PI 656004,"
PI655981,,,PI,,655981,,"PI 655981,",,"PI 655981,"
SC0314,,,SC,,0314,,"SC 0314,",,"SC 0314,"
PI533778,,,PI,,533778,,"PI 533778,",,"PI 533778,"
PI656113,,,PI,,656113,,"PI 656113,",,"PI 656113,"
PI533957,,,PI,,533957,,"PI 533957,",,"PI 533957,"
PI533828,,,PI,,533828,,"PI 533828,",,"PI 533828,"
PI595721,,,PI,,595721,,"PI 595721,",,"PI 595721,"
PI576437,,,PI,,576437,,"PI 576437,",,"PI 576437,"
PI656117,,,PI,,656117,,"PI 656117,",,"PI 656117,"
PI656019,,,PI,,656019,,"PI 656019,",,"PI 656019,"
PI533800,,,PI,,533800,,"PI 533800,",,"PI 533800,"
PI533932,,,PI,,533932,,"PI 533932,",,"PI 533932,"
SC0445,,,SC,,0445,,"SC 0445,",,"SC 0445,"
PI656017,,,PI,,656017,,"PI 656017,",,"PI 656017,"
PI533946,,,PI,,533946,,"PI 533946,",,"PI 533946,"
SC0860,,,SC,,0860,,"SC 0860,",,"SC 0860,"
PI534024,,,PI,,534024,,"PI 534024,",,"PI 534024,"
PI656057,,,PI,,656057,,"PI 656057,",,"PI 656057,"
PI656094,,,PI,,656094,,"PI 656094,",,"PI 656094,"
PI595731,,,PI,,595731,,"PI 595731,",,"PI 595731,"
PI656031,,,PI,,656031,,"PI 656031,",,"PI 656031,"
PI564163,,,PI,,564163,,"PI 564163,",,"PI 564163,"
PI534151,,,PI,,534151,,"PI 534151,",,"PI 534151,"
SC0236,,,SC,,0236,,"SC 0236,",,"SC 0236,"
PI533809,,,PI,,533809,,"PI 533809,",,"PI 533809,"
PI533996,,,PI,,533996,,"PI 533996,",,"PI 533996,"
PI561072,,,PI,,561072,,"PI 561072,",,"PI 561072,"
PI533918,,,PI,,533918,,"PI 533918,",,"PI 533918,"
PI533762,,,PI,,533762,,"PI 533762,",,"PI 533762,"
PI564163,,,PI,,564163,,"PI 564163,",,"PI 564163,"
PI595725,,,PI,,595725,,"PI 595725,",,"PI 595725,"
PI576417,,,PI,,576417,,"PI 576417,",,"PI 576417,"
PI597964,,,PI,,597964,,"PI 597964,",,"PI 597964,"
PI534005,,,PI,,534005,,"PI 534005,",,"PI 534005,"
RTx2783,,,RTx2783,RTx2783,,,"RTx2783 ,",,"RTx2783 ,"
PI533842,,,PI,,533842,,"PI 533842,",,"PI 533842,"
PI534015,,,PI,,534015,,"PI 534015,",,"PI 534015,"
PI534073,,,PI,,534073,,"PI 534073,",,"PI 534073,"
PI533760,,,PI,,533760,,"PI 533760,",,"PI 533760,"
PI564163,,,PI,,564163,,"PI 564163,",,"PI 564163,"
PI597950,,,PI,,597950,,"PI 597950,",,"PI 597950,"
PI534085,,,PI,,534085,,"PI 534085,",,"PI 534085,"
PI534064,,,PI,,534064,,"PI 534064,",,"PI 534064,"
PI576377,,,PI,,576377,,"PI 576377,",,"PI 576377,"
PI656052,,,PI,,656052,,"PI 656052,",,"PI 656052,"
PI534097,,,PI,,534097,,"PI 534097,",,"PI 534097,"
PI564163,,,PI,,564163,,"PI 564163,",,"PI 564163,"
PI576363,,,PI,,576363,,"PI 576363,",,"PI 576363,"
SC1023,,,SC,,1023,,"SC 1023,",,"SC 1023,"
PI656018,,,PI,,656018,,"PI 656018,",,"PI 656018,"
PI533989,,,PI,,533989,,"PI 533989,",,"PI 533989,"
SC0448,,,SC,,0448,,"SC 0448,",,"SC 0448,"
PI534054,,,PI,,534054,,"PI 534054,",,"PI 534054,"
PI564163,,,PI,,564163,,"PI 564163,",,"PI 564163,"
PI533823,,,PI,,533823,,"PI 533823,",,"PI 533823,"
PI576329,,,PI,,576329,,"PI 576329,",,"PI 576329,"
PI533803,,,PI,,533803,,"PI 533803,",,"PI 533803,"
PI564163,,,PI,,564163,,"PI 564163,",,"PI 564163,"
PI576403,,,PI,,576403,,"PI 576403,",,"PI 576403,"
PI533808,,,PI,,533808,,"PI 533808,",,"PI 533808,"
PI534094,,,PI,,534094,,"PI 534094,",,"PI 534094,"
PI533745,,,PI,,533745,,"PI 533745,",,"PI 533745,"
PI576393,,,PI,,576393,,"PI 576393,",,"PI 576393,"
PI642791,,,PI,,642791,,"PI 642791,",,"PI 642791,"
PI533814,,,PI,,533814,,"PI 533814,",,"PI 533814,"
PI659753,,,PI,,659753,,"PI 659753,",,"PI 659753,"
PI576436,,,PI,,576436,,"PI 576436,",,"PI 576436,"
PI656073,,,PI,,656073,,"PI 656073,",,"PI 656073,"
SC0581,,,SC,,0581,,"SC 0581,",,"SC 0581,"
PI534100,,,PI,,534100,,"PI 534100,",,"PI 534100,"
PI533999,,,PI,,533999,,"PI 533999,",,"PI 533999,"
PI534038,,,PI,,534038,,"PI 534038,",,"PI 534038,"
SC1107,,,SC,,1107,,"SC 1107,",,"SC 1107,"
PI533975,,,PI,,533975,,"PI 533975,",,"PI 533975,"
PI595712,,,PI,,595712,,"PI 595712,",,"PI 595712,"
SC0470,,,SC,,0470,,"SC 0470,",,"SC 0470,"
PI576358,,,PI,,576358,,"PI 576358,",,"PI 576358,"
PI534118,,,PI,,534118,,"PI 534118,",,"PI 534118,"
PI534062,,,PI,,534062,,"PI 534062,",,"PI 534062,"
PI576371,,,PI,,576371,,"PI 576371,",,"PI 576371,"
PI576435,,,PI,,576435,,"PI 576435,",,"PI 576435,"
PI533887,,,PI,,533887,,"PI 533887,",,"PI 533887,"
SC0556,,,SC,,0556,,"SC 0556,",,"SC 0556,"
PI595706,,,PI,,595706,,"PI 595706,",,"PI 595706,"
PI597956,,,PI,,597956,,"PI 597956,",,"PI 597956,"
PI533840,,,PI,,533840,,"PI 533840,",,"PI 533840,"
PI597973,,,PI,,597973,,"PI 597973,",,"PI 597973,"
PI655987,,,PI,,655987,,"PI 655987,",,"PI 655987,"
PI533914,,,PI,,533914,,"PI 533914,",,"PI 533914,"
PI533884,,,PI,,533884,,"PI 533884,",,"PI 533884,"
PI576378,,,PI,,576378,,"PI 576378,",,"PI 576378,"
PI152651,,,PI,,152651,,"PI 152651,",,"PI 152651,"
PI534130,,,PI,,534130,,"PI 534130,",,"PI 534130,"
PI576410,,,PI,,576410,,"PI 576410,",,"PI 576410,"
PI597975,,,PI,,597975,,"PI 597975,",,"PI 597975,"
PI533879,,,PI,,533879,,"PI 533879,",,"PI 533879,"
PI656061,,,PI,,656061,,"PI 656061,",,"PI 656061,"
PI533838,,,PI,,533838,,"PI 533838,",,"PI 533838,"
PI656089,,,PI,,656089,,"PI 656089,",,"PI 656089,"
PI534070,,,PI,,534070,,"PI 534070,",,"PI 534070,"
PI533866,,,PI,,533866,,"PI 533866,",,"PI 533866,"
PI595715,,,PI,,595715,,"PI 595715,",,"PI 595715,"
PI533910,,,PI,,533910,,"PI 533910,",,"PI 533910,"
SC0138,,,SC,,0138,,"SC 0138,",,"SC 0138,"
PI576333,,,PI,,576333,,"PI 576333,",,"PI 576333,"
PI595711,,,PI,,595711,,"PI 595711,",,"PI 595711,"
PI534107,,,PI,,534107,,"PI 534107,",,"PI 534107,"
PI533835,,,PI,,533835,,"PI 533835,",,"PI 533835,"
PI564163,,,PI,,564163,,"PI 564163,",,"PI 564163,"
SC0297,,,SC,,0297,,"SC 0297,",,"SC 0297,"
PI534081,,,PI,,534081,,"PI 534081,",,"PI 534081,"
PI642998,,,PI,,642998,,"PI 642998,",,"PI 642998,"
PI656088,,,PI,,656088,,"PI 656088,",,"PI 656088,"
PI533944,,,PI,,533944,,"PI 533944,",,"PI 533944,"
SC0178,,,SC,,0178,,"SC 0178,",,"SC 0178,"
PI533985,,,PI,,533985,,"PI 533985,",,"PI 533985,"
SC0400,,,SC,,0400,,"SC 0400,",,"SC 0400,"
SC1082,,,SC,,1082,,"SC 1082,",,"SC 1082,"
PI533883,,,PI,,533883,,"PI 533883,",,"PI 533883,"
PI576375,,,PI,,576375,,"PI 576375,",,"PI 576375,"
PI656102,,,PI,,656102,,"PI 656102,",,"PI 656102,"
PI552861,,,PI,,552861,,"PI 552861,",,"PI 552861,"
PI153852,,,PI,,153852,,"PI 153852,",,"PI 153852,"
PI534162,,,PI,,534162,,"PI 534162,",,"PI 534162,"
PI576392,,,PI,,576392,,"PI 576392,",,"PI 576392,"
PI534082,,,PI,,534082,,"PI 534082,",,"PI 534082,"
PI597957,,,PI,,597957,,"PI 597957,",,"PI 597957,"
PI533988,,,PI,,533988,,"PI 533988,",,"PI 533988,"
SC1193,,,SC,,1193,,"SC 1193,",,"SC 1193,"
SC0837,,,SC,,0837,,"SC 0837,",,"SC 0837,"
PI533916,,,PI,,533916,,"PI 533916,",,"PI 533916,"
PI595735,,,PI,,595735,,"PI 595735,",,"PI 595735,"
PI533920,,,PI,,533920,,"PI 533920,",,"PI 533920,"
PI533747,,,PI,,533747,,"PI 533747,",,"PI 533747,"
PI576394,,,PI,,576394,,"PI 576394,",,"PI 576394,"
PI656034,,,PI,,656034,,"PI 656034,",,"PI 656034,"
PI576366,,,PI,,576366,,"PI 576366,",,"PI 576366,"
PI564163,,,PI,,564163,,"PI 564163,",,"PI 564163,"
PI576359,,,PI,,576359,,"PI 576359,",,"PI 576359,"
PI533889,,,PI,,533889,,"PI 533889,",,"PI 533889,"
PI534089,,,PI,,534089,,"PI 534089,",,"PI 534089,"
PI533970,,,PI,,533970,,"PI 533970,",,"PI 533970,"
SC0521,,,SC,,0521,,"SC 0521,",,"SC 0521,"
PI533986,,,PI,,533986,,"PI 533986,",,"PI 533986,"
PI597980,,,PI,,597980,,"PI 597980,",,"PI 597980,"
PI533851,,,PI,,533851,,"PI 533851,",,"PI 533851,"
PI534058,,,PI,,534058,,"PI 534058,",,"PI 534058,"
PI34911,,,PI,,34911,,"PI 34911,",,"PI 34911,"
PI548797,,,PI,,548797,,"PI 548797,",,"PI 548797,"
PI597951,,,PI,,597951,,"PI 597951,",,"PI 597951,"
PI533902,,,PI,,533902,,"PI 533902,",,"PI 533902,"
PI656048,,,PI,,656048,,"PI 656048,",,"PI 656048,"
PI576328,,,PI,,576328,,"PI 576328,",,"PI 576328,"
PI533836,,,PI,,533836,,"PI 533836,",,"PI 533836,"
PI534136,,,PI,,534136,,"PI 534136,",,"PI 534136,"
PI534158,,,PI,,534158,,"PI 534158,",,"PI 534158,"
PI564163,,,PI,,564163,,"PI 564163,",,"PI 564163,"
PI533981,,,PI,,533981,,"PI 533981,",,"PI 533981,"
PI564163,,,PI,,564163,,"PI 564163,",,"PI 564163,"
PI576343,,,PI,,576343,,"PI 576343,",,"PI 576343,"
PI533843,,,PI,,533843,,"PI 533843,",,"PI 533843,"
PI533786,,,PI,,533786,,"PI 533786,",,"PI 533786,"
PI595714,,,PI,,595714,,"PI 595714,",,"PI 595714,"
PI576386,,,PI,,576386,,"PI 576386,",,"PI 576386,"
PI534011,,,PI,,534011,,"PI 534011,",,"PI 534011,"
PI656023,,,PI,,656023,,"PI 656023,",,"PI 656023,"
PI533852,,,PI,,533852,,"PI 533852,",,"PI 533852,"
PI534084,,,PI,,534084,,"PI 534084,",,"PI 534084,"
PI576338,,,PI,,576338,,"PI 576338,",,"PI 576338,"
PI534103,,,PI,,534103,,"PI 534103,",,"PI 534103,"
PI564163,,,PI,,564163,,"PI 564163,",,"PI 564163,"
SC0003,,,SC,,0003,,"SC 0003,",,"SC 0003,"
PI576432,,,PI,,576432,,"PI 576432,",,"PI 576432,"
PI533776,,,PI,,533776,,"PI 533776,",,"PI 533776,"
PI656092,,,PI,,656092,,"PI 656092,",,"PI 656092,"
PI533900,,,PI,,533900,,"PI 533900,",,"PI 533900,"
PI576382,,,PI,,576382,,"PI 576382,",,"PI 576382,"
PI595700,,,PI,,595700,,"PI 595700,",,"PI 595700,"
PI534088,,,PI,,534088,,"PI 534088,",,"PI 534088,"
PI534139,,,PI,,534139,,"PI 534139,",,"PI 534139,"
PI656090,,,PI,,656090,,"PI 656090,",,"PI 656090,"
PI564163,,,PI,,564163,,"PI 564163,",,"PI 564163,"
PI534007,,,PI,,534007,,"PI 534007,",,"PI 534007,"
PI656053,,,PI,,656053,,"PI 656053,",,"PI 656053,"
SC1133,,,SC,,1133,,"SC 1133,",,"SC 1133,"
SC0456,,,SC,,0456,,"SC 0456,",,"SC 0456,"
SC1119,,,SC,,1119,,"SC 1119,",,"SC 1119,"
PI595703,,,PI,,595703,,"PI 595703,",,"PI 595703,"
PI656056,,,PI,,656056,,"PI 656056,",,"PI 656056,"
PI656032,,,PI,,656032,,"PI 656032,",,"PI 656032,"
SC1170,,,SC,,1170,,"SC 1170,",,"SC 1170,"
PI533969,,,PI,,533969,,"PI 533969,",,"PI 533969,"
PI576336,,,PI,,576336,,"PI 576336,",,"PI 576336,"
SC0848,,,SC,,0848,,"SC 0848,",,"SC 0848,"
PI534128,,,PI,,534128,,"PI 534128,",,"PI 534128,"
PI534127,,,PI,,534127,,"PI 534127,",,"PI 534127,"
BTx399,,,BTx399,BTx399,,,"BTx399 ,",,"BTx399 ,"
PI597955,,,PI,,597955,,"PI 597955,",,"PI 597955,"
PI533919,,,PI,,533919,,"PI 533919,",,"PI 533919,"
PI576346,,,PI,,576346,,"PI 576346,",,"PI 576346,"
PI534026,,,PI,,534026,,"PI 534026,",,"PI 534026,"
SC0868,,,SC,,0868,,"SC 0868,",,"SC 0868,"
PI656093,,,PI,,656093,,"PI 656093,",,"PI 656093,"
BTx643,,,BTx643,BTx643,,,"BTx643 ,",,"BTx643 ,"
PI534163,,,PI,,534163,,"PI 534163,",,"PI 534163,"
PI576415,,,PI,,576415,,"PI 576415,",,"PI 576415,"
PI576356,,,PI,,576356,,"PI 576356,",,"PI 576356,"
PI576399,,,PI,,576399,,"PI 576399,",,"PI 576399,"
PI533833,,,PI,,533833,,"PI 533833,",,"PI 533833,"
SC0921,,,SC,,0921,,"SC 0921,",,"SC 0921,"
PI595704,,,PI,,595704,,"PI 595704,",,"PI 595704,"
PI561073,,,PI,,561073,,"PI 561073,",,"PI 561073,"
PI656087,,,PI,,656087,,"PI 656087,",,"PI 656087,"
PI533993,,,PI,,533993,,"PI 533993,",,"PI 533993,"
PI656046,,,PI,,656046,,"PI 656046,",,"PI 656046,"
PI576347,,,PI,,576347,,"PI 576347,",,"PI 576347,"
PI534133,,,PI,,534133,,"PI 534133,",,"PI 534133,"
PI533780,,,PI,,533780,,"PI 533780,",,"PI 533780,"
PI629059,,,PI,,629059,,"PI 629059,",,"PI 629059,"
PI534002,,,PI,,534002,,"PI 534002,",,"PI 534002,"
PI564163,,,PI,,564163,,"PI 564163,",,"PI 564163,"
PI597965,,,PI,,597965,,"PI 597965,",,"PI 597965,"
PI533782,,,PI,,533782,,"PI 533782,",,"PI 533782,"
PI534047,,,PI,,534047,,"PI 534047,",,"PI 534047,"
PI656051,,,PI,,656051,,"PI 656051,",,"PI 656051,"
PI597947,,,PI,,597947,,"PI 597947,",,"PI 597947,"
PI534150,,,PI,,534150,,"PI 534150,",,"PI 534150,"
PI595728,,,PI,,595728,,"PI 595728,",,"PI 595728,"
PI534025,,,PI,,534025,,"PI 534025,",,"PI 534025,"
SC0759,,,SC,,0759,,"SC 0759,",,"SC 0759,"
PI534152,,,PI,,534152,,"PI 534152,",,"PI 534152,"
PI656108,,,PI,,656108,,"PI 656108,",,"PI 656108,"
PI564163,,,PI,,564163,,"PI 564163,",,"PI 564163,"
PI534041,,,PI,,534041,,"PI 534041,",,"PI 534041,"
SC0343,,,SC,,0343,,"SC 0343,",,"SC 0343,"
PI597962,,,PI,,597962,,"PI 597962,",,"PI 597962,"
PI576357,,,PI,,576357,,"PI 576357,",,"PI 576357,"
PI533964,,,PI,,533964,,"PI 533964,",,"PI 533964,"
PI656101,,,PI,,656101,,"PI 656101,",,"PI 656101,"
PI597981,,,PI,,597981,,"PI 597981,",,"PI 597981,"
PI534001,,,PI,,534001,,"PI 534001,",,"PI 534001,"
PI601816,,,PI,,601816,,"PI 601816,",,"PI 601816,"
SC0914,,,SC,,0914,,"SC 0914,",,"SC 0914,"
PI595746,,,PI,,595746,,"PI 595746,",,"PI 595746,"
PI533816,,,PI,,533816,,"PI 533816,",,"PI 533816,"
PI576364,,,PI,,576364,,"PI 576364,",,"PI 576364,"
SC0864,,,SC,,0864,,"SC 0864,",,"SC 0864,"
PI22326,,,PI,,22326,,"PI 22326,",,"PI 22326,"
PI656027,,,PI,,656027,,"PI 656027,",,"PI 656027,"
PI595710,,,PI,,595710,,"PI 595710,",,"PI 595710,"
PI595699,,,PI,,595699,,"PI 595699,",,"PI 595699,"
PI534017,,,PI,,534017,,"PI 534017,",,"PI 534017,"
PI533955,,,PI,,533955,,"PI 533955,",,"PI 533955,"
PI533860,,,PI,,533860,,"PI 533860,",,"PI 533860,"
PI533845,,,PI,,533845,,"PI 533845,",,"PI 533845,"
PI533922,,,PI,,533922,,"PI 533922,",,"PI 533922,"
PI597968,,,PI,,597968,,"PI 597968,",,"PI 597968,"
PI534066,,,PI,,534066,,"PI 534066,",,"PI 534066,"
PI656110,,,PI,,656110,,"PI 656110,",,"PI 656110,"
PI533931,,,PI,,533931,,"PI 533931,",,"PI 533931,"
PI597952,,,PI,,597952,,"PI 597952,",,"PI 597952,"
PI595723,,,PI,,595723,,"PI 595723,",,"PI 595723,"
PI534051,,,PI,,534051,,"PI 534051,",,"PI 534051,"
PI659694,,,PI,,659694,,"PI 659694,",,"PI 659694,"
PI576349,,,PI,,576349,,"PI 576349,",,"PI 576349,"
PI533853,,,PI,,533853,,"PI 533853,",,"PI 533853,"
PI607931,,,PI,,607931,,"PI 607931,",,"PI 607931,"
PI533789,,,PI,,533789,,"PI 533789,",,"PI 533789,"
PI576331,,,PI,,576331,,"PI 576331,",,"PI 576331,"
PI533942,,,PI,,533942,,"PI 533942,",,"PI 533942,"
PI597976,,,PI,,597976,,"PI 597976,",,"PI 597976,"
PI656050,,,PI,,656050,,"PI 656050,",,"PI 656050,"
PI564163,,,PI,,564163,,"PI 564163,",,"PI 564163,"
PI533992,,,PI,,533992,,"PI 533992,",,"PI 533992,"
PI533950,,,PI,,533950,,"PI 533950,",,"PI 533950,"
PI534134,,,PI,,534134,,"PI 534134,",,"PI 534134,"
PI533785,,,PI,,533785,,"PI 533785,",,"PI 533785,"
PI534099,,,PI,,534099,,"PI 534099,",,"PI 534099,"
PI533793,,,PI,,533793,,"PI 533793,",,"PI 533793,"
PI655970,,,PI,,655970,,"PI 655970,",,"PI 655970,"
PI629040,,,PI,,629040,,"PI 629040,",,"PI 629040,"
PI656086,,,PI,,656086,,"PI 656086,",,"PI 656086,"
PI656116,,,PI,,656116,,"PI 656116,",,"PI 656116,"
PI576370,,,PI,,576370,,"PI 576370,",,"PI 576370,"
PI534147,,,PI,,534147,,"PI 534147,",,"PI 534147,"
PI641849,,,PI,,641849,,"PI 641849,",,"PI 641849,"
ShanQuiRed,,,ShanQuiRed,ShanQuiRed,,,"ShanQuiRed ,",,"ShanQuiRed ,"
PI656007,,,PI,,656007,,"PI 656007,",,"PI 656007,"
PI534069,,,PI,,534069,,"PI 534069,",,"PI 534069,"
PI533962,,,PI,,533962,,"PI 533962,",,"PI 533962,"
PI534071,,,PI,,534071,,"PI 534071,",,"PI 534071,"
SC0540,,,SC,,0540,,"SC 0540,",,"SC 0540,"
PI533956,,,PI,,533956,,"PI 533956,",,"PI 533956,"
PI656078,,,PI,,656078,,"PI 656078,",,"PI 656078,"
PI533893,,,PI,,533893,,"PI 533893,",,"PI 533893,"
PI659691,,,PI,,659691,,"PI 659691,",,"PI 659691,"
SC0652,,,SC,,0652,,"SC 0652,",,"SC 0652,"
PI564163,,,PI,,564163,,"PI 564163,",,"PI 564163,"
PI534049,,,PI,,534049,,"PI 534049,",,"PI 534049,"
PI576390,,,PI,,576390,,"PI 576390,",,"PI 576390,"
SC1097,,,SC,,1097,,"SC 1097,",,"SC 1097,"
PI576397,,,PI,,576397,,"PI 576397,",,"PI 576397,"
PI576130,,,PI,,576130,,"PI 576130,",,"PI 576130,"
PI576429,,,PI,,576429,,"PI 576429,",,"PI 576429,"
PI533772,,,PI,,533772,,"PI 533772,",,"PI 533772,"
PI576414,,,PI,,576414,,"PI 576414,",,"PI 576414,"
SC0159,,,SC,,0159,,"SC 0159,",,"SC 0159,"
PI564163,,,PI,,564163,,"PI 564163,",,"PI 564163,"
PI533765,,,PI,,533765,,"PI 533765,",,"PI 533765,"
PI656118,,,PI,,656118,,"PI 656118,",,"PI 656118,"
PI533848,,,PI,,533848,,"PI 533848,",,"PI 533848,"
PI576355,,,PI,,576355,,"PI 576355,",,"PI 576355,"
PI576380,,,PI,,576380,,"PI 576380,",,"PI 576380,"
SC0201,,,SC,,0201,,"SC 0201,",,"SC 0201,"
PI656070,,,PI,,656070,,"PI 656070,",,"PI 656070,"
PI534165,,,PI,,534165,,"PI 534165,",,"PI 534165,"
PI533974,,,PI,,533974,,"PI 533974,",,"PI 533974,"
PI533940,,,PI,,533940,,"PI 533940,",,"PI 533940,"
PI534065,,,PI,,534065,,"PI 534065,",,"PI 534065,"
PI656058,,,PI,,656058,,"PI 656058,",,"PI 656058,"
PI656076,,,PI,,656076,,"PI 656076,",,"PI 656076,"
RTx430,,,RTx430,RTx430,,,"RTx430 ,",,"RTx430 ,"
PI534146,,,PI,,534146,,"PI 534146,",,"PI 534146,"
PI533825,,,PI,,533825,,"PI 533825,",,"PI 533825,"
PI576418,,,PI,,576418,,"PI 576418,",,"PI 576418,"
PI534020,,,PI,,534020,,"PI 534020,",,"PI 534020,"
PI533913,,,PI,,533913,,"PI 533913,",,"PI 533913,"
PI564163,,,PI,,564163,,"PI 564163,",,"PI 564163,"
SC1058,,,SC,,1058,,"SC 1058,",,"SC 1058,"
PI533890,,,PI,,533890,,"PI 533890,",,"PI 533890,"
PI533864,,,PI,,533864,,"PI 533864,",,"PI 533864,"
PI533870,,,PI,,533870,,"PI 533870,",,"PI 533870,"
PI656106,,,PI,,656106,,"PI 656106,",,"PI 656106,"
PI656099,,,PI,,656099,,"PI 656099,",,"PI 656099,"
PI533821,,,PI,,533821,,"PI 533821,",,"PI 533821,"
PI576381,,,PI,,576381,,"PI 576381,",,"PI 576381,"
PI576352,,,PI,,576352,,"PI 576352,",,"PI 576352,"
SC0551,,,SC,,0551,,"SC 0551,",,"SC 0551,"
PI656037,,,PI,,656037,,"PI 656037,",,"PI 656037,"
PI656042,,,PI,,656042,,"PI 656042,",,"PI 656042,"
PI656036,,,PI,,656036,,"PI 656036,",,"PI 656036,"
PI533774,,,PI,,533774,,"PI 533774,",,"PI 533774,"
SC0276,,,SC,,0276,,"SC 0276,",,"SC 0276,"
PI597966,,,PI,,597966,,"PI 597966,",,"PI 597966,"
PI533903,,,PI,,533903,,"PI 533903,",,"PI 533903,"
PI656029,,,PI,,656029,,"PI 656029,",,"PI 656029,"
PI564163,,,PI,,564163,,"PI 564163,",,"PI 564163,"
SC0604,,,SC,,0604,,"SC 0604,",,"SC 0604,"
SC0542,,,SC,,0542,,"SC 0542,",,"SC 0542,"
PI564163,,,PI,,564163,,"PI 564163,",,"PI 564163,"
PI533812,,,PI,,533812,,"PI 533812,",,"PI 533812,"
PI576353,,,PI,,576353,,"PI 576353,",,"PI 576353,"
PI564165,,,PI,,564165,,"PI 564165,",,"PI 564165,"
PI533841,,,PI,,533841,,"PI 533841,",,"PI 533841,"
PI576422,,,PI,,576422,,"PI 576422,",,"PI 576422,"
ElMota,,,ElMota,ElMota,,,"ElMota ,",,"ElMota ,"
PI534039,,,PI,,534039,,"PI 534039,",,"PI 534039,"
PI564163,,,PI,,564163,,"PI 564163,",,"PI 564163,"
PI534119,,,PI,,534119,,"PI 534119,",,"PI 534119,"
PI597960,,,PI,,597960,,"PI 597960,",,"PI 597960,"
PI534114,,,PI,,534114,,"PI 534114,",,"PI 534114,"
RTx2917,,,RTx2917,RTx2917,,,"RTx2917 ,",,"RTx2917 ,"
PI533751,,,PI,,533751,,"PI 533751,",,"PI 533751,"
PI534095,,,PI,,534095,,"PI 534095,",,"PI 534095,"
PI597982,,,PI,,597982,,"PI 597982,",,"PI 597982,"
PI533967,,,PI,,533967,,"PI 533967,",,"PI 533967,"
PI656121,,,PI,,656121,,"PI 656121,",,"PI 656121,"
PI534050,,,PI,,534050,,"PI 534050,",,"PI 534050,"
PI533939,,,PI,,533939,,"PI 533939,",,"PI 533939,"
PI533906,,,PI,,533906,,"PI 533906,",,"PI 533906,"
PI655978,,,PI,,655978,,"PI 655978,",,"PI 655978,"
PI656104,,,PI,,656104,,"PI 656104,",,"PI 656104,"
PI534056,,,PI,,534056,,"PI 534056,",,"PI 534056,"
PI533963,,,PI,,533963,,"PI 533963,",,"PI 533963,"
PI534141,,,PI,,534141,,"PI 534141,",,"PI 534141,"
PI576396,,,PI,,576396,,"PI 576396,",,"PI 576396,"
PI533935,,,PI,,533935,,"PI 533935,",,"PI 533935,"
PI656000,,,PI,,656000,,"PI 656000,",,"PI 656000,"
PI656041,,,PI,,656041,,"PI 656041,",,"PI 656041,"
PI656114,,,PI,,656114,,"PI 656114,",,"PI 656114,"
PI576360,,,PI,,576360,,"PI 576360,",,"PI 576360,"
PI533911,,,PI,,533911,,"PI 533911,",,"PI 533911,"
PI597970,,,PI,,597970,,"PI 597970,",,"PI 597970,"
PI564163,,,PI,,564163,,"PI 564163,",,"PI 564163,"
PI534110,,,PI,,534110,,"PI 534110,",,"PI 534110,"
PI534160,,,PI,,534160,,"PI 534160,",,"PI 534160,"
PI595708,,,PI,,595708,,"PI 595708,",,"PI 595708,"
SC0854,,,SC,,0854,,"SC 0854,",,"SC 0854,"
PI533773,,,PI,,533773,,"PI 533773,",,"PI 533773,"
PI533954,,,PI,,533954,,"PI 533954,",,"PI 533954,"
PI533885,,,PI,,533885,,"PI 533885,",,"PI 533885,"
SC0741,,,SC,,0741,,"SC 0741,",,"SC 0741,"
PI534106,,,PI,,534106,,"PI 534106,",,"PI 534106,"
PI656024,,,PI,,656024,,"PI 656024,",,"PI 656024,"
PI656098,,,PI,,656098,,"PI 656098,",,"PI 656098,"
PI595701,,,PI,,595701,,"PI 595701,",,"PI 595701,"
PI534135,,,PI,,534135,,"PI 534135,",,"PI 534135,"
PI597971,,,PI,,597971,,"PI 597971,",,"PI 597971,"
SC0249,,,SC,,0249,,"SC 0249,",,"SC 0249,"
PI534093,,,PI,,534093,,"PI 534093,",,"PI 534093,"
PI534123,,,PI,,534123,,"PI 534123,",,"PI 534123,"
PI656028,,,PI,,656028,,"PI 656028,",,"PI 656028,"
PI533971,,,PI,,533971,,"PI 533971,",,"PI 533971,"
PI534053,,,PI,,534053,,"PI 534053,",,"PI 534053,"
PI564163,,,PI,,564163,,"PI 564163,",,"PI 564163,"
SC1166,,,SC,,1166,,"SC 1166,",,"SC 1166,"
PI534124,,,PI,,534124,,"PI 534124,",,"PI 534124,"
PI533936,,,PI,,533936,,"PI 533936,",,"PI 533936,"
PI595748,,,PI,,595748,,"PI 595748,",,"PI 595748,"
PI533909,,,PI,,533909,,"PI 533909,",,"PI 533909,"
SC0999,,,SC,,0999,,"SC 0999,",,"SC 0999,"
PI533763,,,PI,,533763,,"PI 533763,",,"PI 533763,"
PI576420,,,PI,,576420,,"PI 576420,",,"PI 576420,"
PI656100,,,PI,,656100,,"PI 656100,",,"PI 656100,"
PI533929,,,PI,,533929,,"PI 533929,",,"PI 533929,"
PI576335,,,PI,,576335,,"PI 576335,",,"PI 576335,"
PI533871,,,PI,,533871,,"PI 533871,",,"PI 533871,"
PI656071,,,PI,,656071,,"PI 656071,",,"PI 656071,"
SC0463,,,SC,,0463,,"SC 0463,",,"SC 0463,"
PI576391,,,PI,,576391,,"PI 576391,",,"PI 576391,"
SC0616,,,SC,,0616,,"SC 0616,",,"SC 0616,"
PI656043,,,PI,,656043,,"PI 656043,",,"PI 656043,"
PI565121,,,PI,,565121,,"PI 565121,",,"PI 565121,"
SC0631,,,SC,,0631,,"SC 0631,",,"SC 0631,"
PI533895,,,PI,,533895,,"PI 533895,",,"PI 533895,"
PI597978,,,PI,,597978,,"PI 597978,",,"PI 597978,"
PI595739,,,PI,,595739,,"PI 595739,",,"PI 595739,"
PI533961,,,PI,,533961,,"PI 533961,",,"PI 533961,"
SC0436,,,SC,,0436,,"SC 0436,",,"SC 0436,"
PI533952,,,PI,,533952,,"PI 533952,",,"PI 533952,"
PI595733,,,PI,,595733,,"PI 595733,",,"PI 595733,"
SC0517,,,SC,,0517,,"SC 0517,",,"SC 0517,"
PI533968,,,PI,,533968,,"PI 533968,",,"PI 533968,"
SC0814,,,SC,,0814,,"SC 0814,",,"SC 0814,"
PI564163,,,PI,,564163,,"PI 564163,",,"PI 564163,"
PI533792,,,PI,,533792,,"PI 533792,",,"PI 533792,"
PI656005,,,PI,,656005,,"PI 656005,",,"PI 656005,"
PI533837,,,PI,,533837,,"PI 533837,",,"PI 533837,"
PI534115,,,PI,,534115,,"PI 534115,",,"PI 534115,"
PI576428,,,PI,,576428,,"PI 576428,",,"PI 576428,"
PI534145,,,PI,,534145,,"PI 534145,",,"PI 534145,"
PI534006,,,PI,,534006,,"PI 534006,",,"PI 534006,"
PI534077,,,PI,,534077,,"PI 534077,",,"PI 534077,"
PI564163,,,PI,,564163,,"PI 564163,",,"PI 564163,"
PI153846,,,PI,,153846,,"PI 153846,",,"PI 153846,"
PI533791,,,PI,,533791,,"PI 533791,",,"PI 533791,"
PI564163,,,PI,,564163,,"PI 564163,",,"PI 564163,"
PI597979,,,PI,,597979,,"PI 597979,",,"PI 597979,"
PI534092,,,PI,,534092,,"PI 534092,",,"PI 534092,"
PI595724,,,PI,,595724,,"PI 595724,",,"PI 595724,"
PI656068,,,PI,,656068,,"PI 656068,",,"PI 656068,"
PI656082,,,PI,,656082,,"PI 656082,",,"PI 656082,"
PI533798,,,PI,,533798,,"PI 533798,",,"PI 533798,"
PI534013,,,PI,,534013,,"PI 534013,",,"PI 534013,"
PI534059,,,PI,,534059,,"PI 534059,",,"PI 534059,"
SC0412,,,SC,,0412,,"SC 0412,",,"SC 0412,"
PI534045,,,PI,,534045,,"PI 534045,",,"PI 534045,"
PI534121,,,PI,,534121,,"PI 534121,",,"PI 534121,"
PI533908,,,PI,,533908,,"PI 533908,",,"PI 533908,"
PI564163,,,PI,,564163,,"PI 564163,",,"PI 564163,"
PI534044,,,PI,,534044,,"PI 534044,",,"PI 534044,"
PI533756,,,PI,,533756,,"PI 533756,",,"PI 533756,"
PI576368,,,PI,,576368,,"PI 576368,",,"PI 576368,"
SC0618,,,SC,,0618,,"SC 0618,",,"SC 0618,"
PI534032,,,PI,,534032,,"PI 534032,",,"PI 534032,"
PI534061,,,PI,,534061,,"PI 534061,",,"PI 534061,"
PI534043,,,PI,,534043,,"PI 534043,",,"PI 534043,"
PI595730,,,PI,,595730,,"PI 595730,",,"PI 595730,"
PI533972,,,PI,,533972,,"PI 533972,",,"PI 533972,"
PI655973,,,PI,,655973,,"PI 655973,",,"PI 655973,"
PI595741,,,PI,,595741,,"PI 595741,",,"PI 595741,"
SC0640,,,SC,,0640,,"SC 0640,",,"SC 0640,"
SC0747,,,SC,,0747,,"SC 0747,",,"SC 0747,"
PI655976,,,PI,,655976,,"PI 655976,",,"PI 655976,"
PI534144,,,PI,,534144,,"PI 534144,",,"PI 534144,"
PI533831,,,PI,,533831,,"PI 533831,",,"PI 533831,"
PI534057,,,PI,,534057,,"PI 534057,",,"PI 534057,"
PI576348,,,PI,,576348,,"PI 576348,",,"PI 576348,"
PI564163,,,PI,,564163,,"PI 564163,",,"PI 564163,"
PI533813,,,PI,,533813,,"PI 533813,",,"PI 533813,"
PI533829,,,PI,,533829,,"PI 533829,",,"PI 533829,"
PI533984,,,PI,,533984,,"PI 533984,",,"PI 533984,"
PI534018,,,PI,,534018,,"PI 534018,",,"PI 534018,"
PI534156,,,PI,,534156,,"PI 534156,",,"PI 534156,"
PI534108,,,PI,,534108,,"PI 534108,",,"PI 534108,"
PI534075,,,PI,,534075,,"PI 534075,",,"PI 534075,"
PI655997,,,PI,,655997,,"PI 655997,",,"PI 655997,"
PI534148,,,PI,,534148,,"PI 534148,",,"PI 534148,"
PI534003,,,PI,,534003,,"PI 534003,",,"PI 534003,"
PI534132,,,PI,,534132,,"PI 534132,",,"PI 534132,"
PI533827,,,PI,,533827,,"PI 533827,",,"PI 533827,"
PI533775,,,PI,,533775,,"PI 533775,",,"PI 533775,"
PI576405,,,PI,,576405,,"PI 576405,",,"PI 576405,"
PI597972,,,PI,,597972,,"PI 597972,",,"PI 597972,"
PI655975,,,PI,,655975,,"PI 655975,",,"PI 655975,"
PI656120,,,PI,,656120,,"PI 656120,",,"PI 656120,"
PI534129,,,PI,,534129,,"PI 534129,",,"PI 534129,"
PI576387,,,PI,,576387,,"PI 576387,",,"PI 576387,"
PI564163,,,PI,,564163,,"PI 564163,",,"PI 564163,"
PI533768,,,PI,,533768,,"PI 533768,",,"PI 533768,"
PI533770,,,PI,,533770,,"PI 533770,",,"PI 533770,"
PI656083,,,PI,,656083,,"PI 656083,",,"PI 656083,"
PI534120,,,PI,,534120,,"PI 534120,",,"PI 534120,"
PI576434,,,PI,,576434,,"PI 576434,",,"PI 576434,"
SC0247,,,SC,,0247,,"SC 0247,",,"SC 0247,"